,category,title,cash_price,store,link,created_at
0,notebooks,"Notebook Cx Amd A9-9400 4Gb 64Gb 14""",239939.0,mexx,https://www.mexx.com.ar/productos-rubro/notebooks/45453-notebook-cx-amd-a9-9400-4gb-64gb-14.html,2023-08-25 15:34:50
1,notebooks,"Notebook Cx Amd A9-9400 8Gb 64Gb 256Gb 14""",254939.0,mexx,https://www.mexx.com.ar/productos-rubro/notebooks/45456-notebook-cx-amd-a9-9400-8gb-64gb-256gb-14.html,2023-08-25 15:34:50
2,notebooks,"Notebook Asus X515EA Core i3 4Gb Ssd 256Gb 15.6"" Win11",429999.0,mexx,https://www.mexx.com.ar/productos-rubro/notebooks/45319-notebook-asus-x515ea-core-i3-4gb-ssd-256gb-15.6-win11.html,2023-08-25 15:34:50
3,notebooks,"Notebook Asus X515EA Core i3 8Gb Ssd 256Gb 15.6"" Win11 #",441989.0,mexx,https://www.mexx.com.ar/productos-rubro/notebooks/45510-notebook-asus-x515ea-core-i3-8gb-ssd-256gb-15.6-win11-#.html,2023-08-25 15:34:50
4,notebooks,"Notebook Asus X515EA Core i3 8Gb Ssd M2 480Gb 15.6"" Win11 #",465989.0,mexx,https://www.mexx.com.ar/productos-rubro/notebooks/45521-notebook-asus-x515ea-core-i3-8gb-ssd-m2-480gb-15.6-win11-#.html,2023-08-25 15:34:50
5,notebooks,"Notebook Asus X515EA Core i3 12Gb Ssd 256Gb 15.6"" Win11 #",449989.0,mexx,https://www.mexx.com.ar/productos-rubro/notebooks/45488-notebook-asus-x515ea-core-i3-12gb-ssd-256gb-15.6-win11-#.html,2023-08-25 15:34:50
6,notebooks,"Notebook Asus X515EA Core i3 20Gb Ssd 256Gb 15.6"" Win11 #",465989.0,mexx,https://www.mexx.com.ar/productos-rubro/notebooks/45520-notebook-asus-x515ea-core-i3-20gb-ssd-256gb-15.6-win11-#.html,2023-08-25 15:34:50
7,notebooks,"Notebook Asus X515EA Core i3 4Gb Ssd 256Gb 15.6""",389839.0,mexx,https://www.mexx.com.ar/productos-rubro/notebooks/42286-notebook-asus-x515ea-core-i3-4gb-ssd-256gb-15.6.html,2023-08-25 15:34:50
8,notebooks,"Notebook Asus X515EA Core i3 8Gb Ssd 256Gb 15.6""#",401829.0,mexx,https://www.mexx.com.ar/productos-rubro/notebooks/42354-notebook-asus-x515ea-core-i3-8gb-ssd-256gb-15.6#.html,2023-08-25 15:34:50
9,notebooks,"Notebook Asus X515EA Core i3 8Gb Ssd M2 480Gb 15.6""#",425829.0,mexx,https://www.mexx.com.ar/productos-rubro/notebooks/43586-notebook-asus-x515ea-core-i3-8gb-ssd-m2-480gb-15.6#.html,2023-08-25 15:34:50
10,notebooks,"Notebook Asus X515EA Core i3 12Gb Ssd 256Gb 15.6""#",409829.0,mexx,https://www.mexx.com.ar/productos-rubro/notebooks/42355-notebook-asus-x515ea-core-i3-12gb-ssd-256gb-15.6#.html,2023-08-25 15:34:50
11,notebooks,"Notebook Asus X515EA Core i3 12Gb Ssd M2 480Gb 15.6""#",433829.0,mexx,https://www.mexx.com.ar/productos-rubro/notebooks/43587-notebook-asus-x515ea-core-i3-12gb-ssd-m2-480gb-15.6#.html,2023-08-25 15:34:50
12,notebooks,"Notebook Asus X515EA Core i3 12Gb Ssd M2 960Gb 15.6""#",446829.0,mexx,https://www.mexx.com.ar/productos-rubro/notebooks/43588-notebook-asus-x515ea-core-i3-12gb-ssd-m2-960gb-15.6#.html,2023-08-25 15:34:50
13,notebooks,"Notebook Asus X515EA Core i5 1135G7 8Gb Ssd 256Gb 15.6"" Win11",549999.0,mexx,https://www.mexx.com.ar/productos-rubro/notebooks/45401-notebook-asus-x515ea-core-i5-1135g7-8gb-ssd-256gb-15.6-win11.html,2023-08-25 15:34:50
14,notebooks,"Notebook Asus X515EA Core i5 1135G7 8Gb Ssd M2 480Gb 15.6"" Win11#",573989.0,mexx,https://www.mexx.com.ar/productos-rubro/notebooks/45686-notebook-asus-x515ea-core-i5-1135g7-8gb-ssd-m2-480gb-15.6-win11#.html,2023-08-25 15:34:50
15,notebooks,"Notebook Asus X515EA Core i5 1135G7 8Gb Ssd M2 960Gb 15.6"" Win11#",586989.0,mexx,https://www.mexx.com.ar/productos-rubro/notebooks/45687-notebook-asus-x515ea-core-i5-1135g7-8gb-ssd-m2-960gb-15.6-win11#.html,2023-08-25 15:34:50
16,notebooks,"Notebook Asus X515EA Core i5 1135G7 12Gb Ssd 256Gb 15.6"" Win11#",561989.0,mexx,https://www.mexx.com.ar/productos-rubro/notebooks/45670-notebook-asus-x515ea-core-i5-1135g7-12gb-ssd-256gb-15.6-win11#.html,2023-08-25 15:34:50
17,notebooks,"Notebook Asus X515EA Core i5 1135G7 12Gb Ssd M2 480Gb 15.6"" Win11#",585989.0,mexx,https://www.mexx.com.ar/productos-rubro/notebooks/45688-notebook-asus-x515ea-core-i5-1135g7-12gb-ssd-m2-480gb-15.6-win11#.html,2023-08-25 15:34:50
18,notebooks,"Notebook Asus X515EA Core i5 1135G7 12Gb Ssd M2 960Gb 15.6"" Win11#",598989.0,mexx,https://www.mexx.com.ar/productos-rubro/notebooks/45756-notebook-asus-x515ea-core-i5-1135g7-12gb-ssd-m2-960gb-15.6-win11#.html,2023-08-25 15:34:50
19,notebooks,"Notebook Asus X515EA Core i5 1135G7 16Gb Ssd 256Gb 15.6"" Win11#",569989.0,mexx,https://www.mexx.com.ar/productos-rubro/notebooks/45964-notebook-asus-x515ea-core-i5-1135g7-16gb-ssd-256gb-15.6-win11#.html,2023-08-25 15:34:50
20,notebooks,"Notebook Asus X515EA Core i5 1135G7 16Gb Ssd M2 480Gb 15.6"" Win11#",593989.0,mexx,https://www.mexx.com.ar/productos-rubro/notebooks/45965-notebook-asus-x515ea-core-i5-1135g7-16gb-ssd-m2-480gb-15.6-win11#.html,2023-08-25 15:34:50
21,notebooks,"Notebook Asus X515EA Core i5 1135G7 16Gb Ssd M2 960Gb 15.6"" Win11#",606989.0,mexx,https://www.mexx.com.ar/productos-rubro/notebooks/45966-notebook-asus-x515ea-core-i5-1135g7-16gb-ssd-m2-960gb-15.6-win11#.html,2023-08-25 15:34:50
22,notebooks,"Notebook Asus X515EA Core i5 1135G7 24Gb Ssd M2 480Gb 15.6"" Win11#",609989.0,mexx,https://www.mexx.com.ar/productos-rubro/notebooks/45689-notebook-asus-x515ea-core-i5-1135g7-24gb-ssd-m2-480gb-15.6-win11#.html,2023-08-25 15:34:50
23,notebooks,"Notebook Asus X515EA Core i5 1135G7 24Gb Ssd M2 960Gb 15.6"" Win11#",622989.0,mexx,https://www.mexx.com.ar/productos-rubro/notebooks/45812-notebook-asus-x515ea-core-i5-1135g7-24gb-ssd-m2-960gb-15.6-win11#.html,2023-08-25 15:34:50
24,notebooks,"Notebook Asus X515EA Core i7 8Gb Ssd 512Gb 15.6"" ",649999.0,mexx,https://www.mexx.com.ar/productos-rubro/notebooks/43352-notebook-asus-x515ea-core-i7-8gb-ssd-512gb-15.6.html,2023-08-25 15:34:50
25,notebooks,"Notebook Asus X515EA Core i7 8Gb Ssd M2 960Gb 15.6"" #",662989.0,mexx,https://www.mexx.com.ar/productos-rubro/notebooks/43427-notebook-asus-x515ea-core-i7-8gb-ssd-m2-960gb-15.6-#.html,2023-08-25 15:34:50
26,notebooks,"Notebook Asus X515EA Core i7 12Gb Ssd 512Gb 15.6"" #",661989.0,mexx,https://www.mexx.com.ar/productos-rubro/notebooks/43426-notebook-asus-x515ea-core-i7-12gb-ssd-512gb-15.6-#.html,2023-08-25 15:34:50
27,notebooks,"Notebook Asus X515EA Core i7 12Gb Ssd M2 960Gb 15.6"" #",674989.0,mexx,https://www.mexx.com.ar/productos-rubro/notebooks/43429-notebook-asus-x515ea-core-i7-12gb-ssd-m2-960gb-15.6-#.html,2023-08-25 15:34:50
28,notebooks,"Notebook Asus X515EA Core i7 16Gb Ssd 512Gb 15.6"" #",669989.0,mexx,https://www.mexx.com.ar/productos-rubro/notebooks/44334-notebook-asus-x515ea-core-i7-16gb-ssd-512gb-15.6-#.html,2023-08-25 15:34:50
29,notebooks,"Notebook Asus X515EA Core i7 16Gb Ssd M2 960Gb 15.6"" #",682989.0,mexx,https://www.mexx.com.ar/productos-rubro/notebooks/44335-notebook-asus-x515ea-core-i7-16gb-ssd-m2-960gb-15.6-#.html,2023-08-25 15:34:50
30,notebooks,"Notebook Asus X515EA Core i7 24Gb Ssd 512Gb 15.6"" #",685989.0,mexx,https://www.mexx.com.ar/productos-rubro/notebooks/44336-notebook-asus-x515ea-core-i7-24gb-ssd-512gb-15.6-#.html,2023-08-25 15:34:50
31,notebooks,"Notebook Asus X515EA Core i7 24Gb Ssd M2 960Gb 15.6"" #",698989.0,mexx,https://www.mexx.com.ar/productos-rubro/notebooks/44337-notebook-asus-x515ea-core-i7-24gb-ssd-m2-960gb-15.6-#.html,2023-08-25 15:34:50
32,notebooks,"Notebook Asus X515EA Core i7-1165G7 8Gb Ssd 512Gb 15.6"" Win11",719999.0,mexx,https://www.mexx.com.ar/productos-rubro/notebooks/44640-notebook-asus-x515ea-core-i7-1165g7-8gb-ssd-512gb-15.6-win11.html,2023-08-25 15:34:50
33,notebooks,"Notebook Asus X515EA Core i7-1165G7 8Gb Ssd M2 960Gb 15.6"" Win11 #",732989.0,mexx,https://www.mexx.com.ar/productos-rubro/notebooks/45953-notebook-asus-x515ea-core-i7-1165g7-8gb-ssd-m2-960gb-15.6-win11-#.html,2023-08-25 15:34:50
34,notebooks,"Notebook Asus X515EA Core i7-1165G7 16Gb Ssd 512Gb 15.6"" Win11#",739989.0,mexx,https://www.mexx.com.ar/productos-rubro/notebooks/45103-notebook-asus-x515ea-core-i7-1165g7-16gb-ssd-512gb-15.6-win11#.html,2023-08-25 15:34:50
35,notebooks,"Notebook Asus X515EA Core i7-1165G7 16Gb Ssd M2 960Gb 15.6"" Win11#",752989.0,mexx,https://www.mexx.com.ar/productos-rubro/notebooks/45954-notebook-asus-x515ea-core-i7-1165g7-16gb-ssd-m2-960gb-15.6-win11#.html,2023-08-25 15:34:50
36,notebooks,"Notebook Asus X515EA Core i7-1165G7 24Gb Ssd 512Gb 15.6"" Win11 #",755989.0,mexx,https://www.mexx.com.ar/productos-rubro/notebooks/45104-notebook-asus-x515ea-core-i7-1165g7-24gb-ssd-512gb-15.6-win11-#.html,2023-08-25 15:34:50
37,notebooks,"Notebook Asus X515EA Core i7-1165G7 24Gb Ssd M2 960Gb 15.6"" Win11 #",768989.0,mexx,https://www.mexx.com.ar/productos-rubro/notebooks/45955-notebook-asus-x515ea-core-i7-1165g7-24gb-ssd-m2-960gb-15.6-win11-#.html,2023-08-25 15:34:50
38,notebooks,"Notebook Asus Gamer Core i9-12900 32Gb Ssd 1Tb RTX 3060 6GB 16""Tactil Win11",3199999.0,mexx,https://www.mexx.com.ar/productos-rubro/notebooks/45454-notebook-asus-gamer-core-i9-12900-32gb-ssd-1tb-rtx-3060-6gb-16tactil-win11.html,2023-08-25 15:34:50
39,notebooks,"Notebook Hp 245 G8 Ryzen 3 3250U  4Gb 1Tb 14""",379999.0,mexx,https://www.mexx.com.ar/productos-rubro/notebooks/42900-notebook-hp-245-g8-ryzen-3-3250u-4gb-1tb-14.html,2023-08-25 15:34:50
40,notebooks,"Notebook Hp 245 G8 Ryzen 3 3250U 8Gb 1Tb 14"" #",391989.0,mexx,https://www.mexx.com.ar/productos-rubro/notebooks/42964-notebook-hp-245-g8-ryzen-3-3250u-8gb-1tb-14-#.html,2023-08-25 15:34:50
41,notebooks,"Notebook Hp 245 G8 Ryzen 3 3250U 8Gb Ssd M2 240Gb 1Tb 14"" #",393989.0,mexx,https://www.mexx.com.ar/productos-rubro/notebooks/42965-notebook-hp-245-g8-ryzen-3-3250u-8gb-ssd-m2-240gb-1tb-14-#.html,2023-08-25 15:34:50
42,notebooks,"Notebook Hp 245 G8 Ryzen 3 3250U 8Gb Ssd M2 480Gb 1Tb 14"" #",421989.0,mexx,https://www.mexx.com.ar/productos-rubro/notebooks/42966-notebook-hp-245-g8-ryzen-3-3250u-8gb-ssd-m2-480gb-1tb-14-#.html,2023-08-25 15:34:50
43,notebooks,"Notebook Hp 245 G8 Ryzen 3 3250U 8Gb Ssd 960Gb 14"" #",417989.0,mexx,https://www.mexx.com.ar/productos-rubro/notebooks/42967-notebook-hp-245-g8-ryzen-3-3250u-8gb-ssd-960gb-14-#.html,2023-08-25 15:34:50
44,notebooks,"Notebook Hp 245 G8 Ryzen 3 3250U 16Gb 1Tb 14"" #",403989.0,mexx,https://www.mexx.com.ar/productos-rubro/notebooks/42968-notebook-hp-245-g8-ryzen-3-3250u-16gb-1tb-14-#.html,2023-08-25 15:34:50
45,notebooks,"Notebook Hp 245 G8 Ryzen 3 3250U 16Gb Ssd M2 240Gb 1Tb 14"" #",409989.0,mexx,https://www.mexx.com.ar/productos-rubro/notebooks/42969-notebook-hp-245-g8-ryzen-3-3250u-16gb-ssd-m2-240gb-1tb-14-#.html,2023-08-25 15:34:50
46,notebooks,"Notebook Hp 245 G8 Ryzen 3 3250U 16Gb Ssd M2 480Gb 1Tb 14"" #",433989.0,mexx,https://www.mexx.com.ar/productos-rubro/notebooks/42970-notebook-hp-245-g8-ryzen-3-3250u-16gb-ssd-m2-480gb-1tb-14-#.html,2023-08-25 15:34:50
47,notebooks,"Notebook Hp 245 G8 Ryzen 3 3250U 16Gb Ssd 960Gb 14"" #",429989.0,mexx,https://www.mexx.com.ar/productos-rubro/notebooks/42971-notebook-hp-245-g8-ryzen-3-3250u-16gb-ssd-960gb-14-#.html,2023-08-25 15:34:50
48,notebooks,"Notebook HP X360 Pentium 4Gb Ssd 256Gb 14"" Win10",379989.0,mexx,https://www.mexx.com.ar/productos-rubro/notebooks/45298-notebook-hp-x360-pentium-4gb-ssd-256gb-14-win10.html,2023-08-25 15:34:50
49,notebooks,"Notebook Hp 240 G8 Core i3 8Gb 1Tb 14"" Win11",499999.0,mexx,https://www.mexx.com.ar/productos-rubro/notebooks/44118-notebook-hp-240-g8-core-i3-8gb-1tb-14-win11.html,2023-08-25 15:34:50
50,notebooks,"Notebook Hp 240 G8 Core i3 16Gb 1Tb 14"" Win11 #",519989.0,mexx,https://www.mexx.com.ar/productos-rubro/notebooks/44202-notebook-hp-240-g8-core-i3-16gb-1tb-14-win11-#.html,2023-08-25 15:34:50
51,notebooks,"Notebook Hp 240 G8 Core i3 8Gb 512Gb 14"" Win11",599989.0,mexx,https://www.mexx.com.ar/productos-rubro/notebooks/46101-notebook-hp-240-g8-core-i3-8gb-512gb-14-win11.html,2023-08-25 15:34:50
52,notebooks,"Notebook Hp 250 G8 Core i3 1115G4 8Gb 256Gb 15.6"" Win11",499999.0,mexx,https://www.mexx.com.ar/productos-rubro/notebooks/45671-notebook-hp-250-g8-core-i3-1115g4-8gb-256gb-15.6-win11.html,2023-08-25 15:34:50
53,notebooks,"Notebook Hp 250 G8 Core i3 1115G4 8Gb Ssd M2 480Gb 15.6"" Win11#",523989.0,mexx,https://www.mexx.com.ar/productos-rubro/notebooks/45720-notebook-hp-250-g8-core-i3-1115g4-8gb-ssd-m2-480gb-15.6-win11#.html,2023-08-25 15:34:50
54,notebooks,"Notebook Hp 250 G8 Core i3 1115G4 8Gb Ssd M2 960Gb 15.6"" Win11#",536989.0,mexx,https://www.mexx.com.ar/productos-rubro/notebooks/45726-notebook-hp-250-g8-core-i3-1115g4-8gb-ssd-m2-960gb-15.6-win11#.html,2023-08-25 15:34:50
55,notebooks,"Notebook Hp 250 G8 Core i3 1115G4 16Gb 256Gb 15.6"" Win11#",519989.0,mexx,https://www.mexx.com.ar/productos-rubro/notebooks/45727-notebook-hp-250-g8-core-i3-1115g4-16gb-256gb-15.6-win11#.html,2023-08-25 15:34:50
56,notebooks,"Notebook Hp 250 G8 Core i3 1115G4 16Gb Ssd M2 480Gb 15.6"" Win11#",543989.0,mexx,https://www.mexx.com.ar/productos-rubro/notebooks/45721-notebook-hp-250-g8-core-i3-1115g4-16gb-ssd-m2-480gb-15.6-win11#.html,2023-08-25 15:34:50
57,notebooks,"Notebook Hp 250 G8 Core i3 1115G4 16Gb Ssd M2 960Gb 15.6"" Win11#",556989.0,mexx,https://www.mexx.com.ar/productos-rubro/notebooks/45723-notebook-hp-250-g8-core-i3-1115g4-16gb-ssd-m2-960gb-15.6-win11#.html,2023-08-25 15:34:50
58,notebooks,"Notebook Hp 250 G8 Core i3 1115G4 32Gb 256Gb 15.6"" Win11#",551989.0,mexx,https://www.mexx.com.ar/productos-rubro/notebooks/45729-notebook-hp-250-g8-core-i3-1115g4-32gb-256gb-15.6-win11#.html,2023-08-25 15:34:50
59,notebooks,"Notebook Hp 250 G8 Core i3 1115G4 32Gb Ssd M2 480Gb 15.6"" Win11#",575989.0,mexx,https://www.mexx.com.ar/productos-rubro/notebooks/45730-notebook-hp-250-g8-core-i3-1115g4-32gb-ssd-m2-480gb-15.6-win11#.html,2023-08-25 15:34:50
60,notebooks,"Notebook Hp 250 G8 Core i3 1115G4 32Gb Ssd M2 960Gb 15.6"" Win11#",588989.0,mexx,https://www.mexx.com.ar/productos-rubro/notebooks/45731-notebook-hp-250-g8-core-i3-1115g4-32gb-ssd-m2-960gb-15.6-win11#.html,2023-08-25 15:34:50
61,notebooks,"Notebook Hp 250 G8 Core i5 1135G7 8Gb Ssd 256Gb 15.6"" Win11",676079.0,mexx,https://www.mexx.com.ar/productos-rubro/notebooks/45577-notebook-hp-250-g8-core-i5-1135g7-8gb-ssd-256gb-15.6-win11.html,2023-08-25 15:34:50
62,notebooks,"Notebook Hp 250 G8 Core i5 1135G7 8Gb Ssd M2 480Gb 15.6"" Win11#",700069.0,mexx,https://www.mexx.com.ar/productos-rubro/notebooks/45702-notebook-hp-250-g8-core-i5-1135g7-8gb-ssd-m2-480gb-15.6-win11#.html,2023-08-25 15:34:50
63,notebooks,"Notebook Hp 250 G8 Core i5 1135G7 8Gb Ssd M2 960Gb 15.6"" Win11#",713069.0,mexx,https://www.mexx.com.ar/productos-rubro/notebooks/45704-notebook-hp-250-g8-core-i5-1135g7-8gb-ssd-m2-960gb-15.6-win11#.html,2023-08-25 15:34:50
64,notebooks,"Notebook Hp 250 G8 Core i5 1135G7 16Gb Ssd M2 480Gb 15.6"" Win11#",720069.0,mexx,https://www.mexx.com.ar/productos-rubro/notebooks/45705-notebook-hp-250-g8-core-i5-1135g7-16gb-ssd-m2-480gb-15.6-win11#.html,2023-08-25 15:34:50
65,notebooks,"Notebook Hp 250 G8 Core i5 1135G7 16Gb Ssd M2 960Gb 15.6"" Win11#",733069.0,mexx,https://www.mexx.com.ar/productos-rubro/notebooks/45709-notebook-hp-250-g8-core-i5-1135g7-16gb-ssd-m2-960gb-15.6-win11#.html,2023-08-25 15:34:50
66,notebooks,"Notebook Hp 250 G8 Core i5 1135G7 32Gb 256Gb 15.6"" Win11#",728069.0,mexx,https://www.mexx.com.ar/productos-rubro/notebooks/45708-notebook-hp-250-g8-core-i5-1135g7-32gb-256gb-15.6-win11#.html,2023-08-25 15:34:50
67,notebooks,"Notebook Hp 250 G8 Core i5 1135G7 32Gb Ssd M2 480Gb 15.6"" Win11#",752069.0,mexx,https://www.mexx.com.ar/productos-rubro/notebooks/45710-notebook-hp-250-g8-core-i5-1135g7-32gb-ssd-m2-480gb-15.6-win11#.html,2023-08-25 15:34:50
68,notebooks,"Notebook Hp 250 G8 Core i5 1135G7 32Gb Ssd M2 960Gb 15.6"" Win11#",765069.0,mexx,https://www.mexx.com.ar/productos-rubro/notebooks/45711-notebook-hp-250-g8-core-i5-1135g7-32gb-ssd-m2-960gb-15.6-win11#.html,2023-08-25 15:34:50
69,notebooks,"Notebook Hp 240 G8 Core i5 1135G7 8Gb Ssd 512 Gb 14"" W11",699999.0,mexx,https://www.mexx.com.ar/productos-rubro/notebooks/43283-notebook-hp-240-g8-core-i5-1135g7-8gb-ssd-512-gb-14-w11.html,2023-08-25 15:34:50
70,notebooks,"Notebook Hp 240 G8 Core i5 1135G7 16Gb Ssd 512Gb 14"" Win11 #",719989.0,mexx,https://www.mexx.com.ar/productos-rubro/notebooks/43457-notebook-hp-240-g8-core-i5-1135g7-16gb-ssd-512gb-14-win11-#.html,2023-08-25 15:34:50
71,notebooks,"Notebook Hp 240 G8 Core i5 1135G7 24Gb Ssd 512Gb 14"" Win11 #",735989.0,mexx,https://www.mexx.com.ar/productos-rubro/notebooks/43458-notebook-hp-240-g8-core-i5-1135g7-24gb-ssd-512gb-14-win11-#.html,2023-08-25 15:34:50
72,notebooks,"Notebook Hp 240 G8 Core i5 1135G7 32Gb Ssd 512Gb 14"" Win11 #",751989.0,mexx,https://www.mexx.com.ar/productos-rubro/notebooks/43459-notebook-hp-240-g8-core-i5-1135g7-32gb-ssd-512gb-14-win11-#.html,2023-08-25 15:34:50
73,notebooks,"Notebook Lenovo Yoga Slim 7 14ACN6 Ryzen 5 8Gb Ssd 512Gb 14"" W11",649999.0,mexx,https://www.mexx.com.ar/productos-rubro/notebooks/46039-notebook-lenovo-yoga-slim-7-14acn6-ryzen-5-8gb-ssd-512gb-14-w11.html,2023-08-25 15:34:50
74,notebooks,"Notebook Lenovo Yoga Slim Core i5-1235U 16Gb Ssd 512Gb 14"" W11",849999.0,mexx,https://www.mexx.com.ar/productos-rubro/notebooks/46038-notebook-lenovo-yoga-slim-core-i5-1235u-16gb-ssd-512gb-14-w11.html,2023-08-25 15:34:50
75,notebooks,"Notebook Lenovo IdeaPad 1 Ryzen 3 3250U 8Gb Ssd 256Gb 14""",399999.0,mexx,https://www.mexx.com.ar/productos-rubro/notebooks/46112-notebook-lenovo-ideapad-1-ryzen-3-3250u-8gb-ssd-256gb-14.html,2023-08-25 15:34:50
76,notebooks,"Notebook Lenovo IdeaPad 1 Ryzen 5 3500U 8Gb Ssd 256Gb 14""",460999.0,mexx,https://www.mexx.com.ar/productos-rubro/notebooks/46113-notebook-lenovo-ideapad-1-ryzen-5-3500u-8gb-ssd-256gb-14.html,2023-08-25 15:34:50
77,notebooks,"Notebook Lenovo IdeaPad 1 Ryzen 5 3500U 8Gb Ssd 512Gb 14""",467999.0,mexx,https://www.mexx.com.ar/productos-rubro/notebooks/46114-notebook-lenovo-ideapad-1-ryzen-5-3500u-8gb-ssd-512gb-14.html,2023-08-25 15:34:50
78,notebooks,"Notebook Lenovo IdeaPad 1 Ryzen 7 3700U 8Gb Ssd 512Gb 15""",594999.0,mexx,https://www.mexx.com.ar/productos-rubro/notebooks/46116-notebook-lenovo-ideapad-1-ryzen-7-3700u-8gb-ssd-512gb-15.html,2023-08-25 15:34:50
79,notebooks,"Notebook Lenovo IdeaPad 3 Celeron N4120 4Gb Ssd 256Gb 15"" W11",402999.0,mexx,https://www.mexx.com.ar/productos-rubro/notebooks/46117-notebook-lenovo-ideapad-3-celeron-n4120-4gb-ssd-256gb-15-w11.html,2023-08-25 15:34:50
80,notebooks,"Notebook Lenovo IdeaPad 1 Celeron N4120 4Gb Ssd 128Gb 14"" W11",308999.0,mexx,https://www.mexx.com.ar/productos-rubro/notebooks/46115-notebook-lenovo-ideapad-1-celeron-n4120-4gb-ssd-128gb-14-w11.html,2023-08-25 15:34:50
81,notebooks,"Notebook Lenovo IdeaPad 3 Ryzen 5 8Gb Ssd 256Gb 15.6"" Win11",483999.0,mexx,https://www.mexx.com.ar/productos-rubro/notebooks/46118-notebook-lenovo-ideapad-3-ryzen-5-8gb-ssd-256gb-15.6-win11.html,2023-08-25 15:34:50
82,notebooks,"Notebook Lenovo Ideapad 3 Ryzen 5 8Gb Ssd 512Gb 15.6"" Win11",692989.0,mexx,https://www.mexx.com.ar/productos-rubro/notebooks/46119-notebook-lenovo-ideapad-3-ryzen-5-8gb-ssd-512gb-15.6-win11.html,2023-08-25 15:34:50
83,notebooks,"Notebook Lenovo IdeaPad 3 Ryzen 7 16Gb Ssd 512Gb 15"" Win11",719849.0,mexx,https://www.mexx.com.ar/productos-rubro/notebooks/46120-notebook-lenovo-ideapad-3-ryzen-7-16gb-ssd-512gb-15-win11.html,2023-08-25 15:34:50
84,notebooks,"Notebook Lenovo Ideapad 3 Core i3 8Gb Ssd 256Gb 14"" Win11",518999.0,mexx,https://www.mexx.com.ar/productos-rubro/notebooks/46140-notebook-lenovo-ideapad-3-core-i3-8gb-ssd-256gb-14-win11.html,2023-08-25 15:34:50
85,notebooks,Notebook Lenovo Legion 5 Core i5 16Gb Ssd 512Gb GTX3060 6Gb Win11,969999.0,mexx,https://www.mexx.com.ar/productos-rubro/notebooks/46036-notebook-lenovo-legion-5-core-i5-16gb-ssd-512gb-gtx3060-6gb-win11.html,2023-08-25 15:34:50
86,notebooks,"Notebook Lenovo Legion 5 Pro Core i7 16Gb Ssd 512Gb GTX3050Ti 4Gb 16"" Win11",1246529.0,mexx,https://www.mexx.com.ar/productos-rubro/notebooks/46034-notebook-lenovo-legion-5-pro-core-i7-16gb-ssd-512gb-gtx3050ti-4gb-16-win11.html,2023-08-25 15:34:50
87,notebooks,"Notebook Lenovo IdeaPad 3 Core i5 8Gb Ssd 256Gb 15.6"" W11",632989.0,mexx,https://www.mexx.com.ar/productos-rubro/notebooks/46121-notebook-lenovo-ideapad-3-core-i5-8gb-ssd-256gb-15.6-w11.html,2023-08-25 15:34:50
88,notebooks,"Notebook Lenovo Ideapad 3 Core i5 16Gb Ssd 256Gb GTX1650 4Gb 15.6"" W11",749999.0,mexx,https://www.mexx.com.ar/productos-rubro/notebooks/46037-notebook-lenovo-ideapad-3-core-i5-16gb-ssd-256gb-gtx1650-4gb-15.6-w11.html,2023-08-25 15:34:50
89,notebooks,"Notebook Lenovo Ideapad 3 Core i7 1165G7 8Gb Ssd 256Gb 15.6"" Win11",723999.0,mexx,https://www.mexx.com.ar/productos-rubro/notebooks/45168-notebook-lenovo-ideapad-3-core-i7-1165g7-8gb-ssd-256gb-15.6-win11.html,2023-08-25 15:34:50
90,notebooks,"Notebook Lenovo IdeaPad Flex 5 Core i3-1005G1 4Gb Ssd 256Gb 14"" Win10",419999.0,mexx,https://www.mexx.com.ar/productos-rubro/notebooks/42985-notebook-lenovo-ideapad-flex-5-core-i3-1005g1-4gb-ssd-256gb-14-win10.html,2023-08-25 15:34:50
91,notebooks,"Notebook Lenovo IdeaPad Flex 5 Core i3-1005G1 4Gb Ssd M2 480Gb 14"" Win10#",443989.0,mexx,https://www.mexx.com.ar/productos-rubro/notebooks/46018-notebook-lenovo-ideapad-flex-5-core-i3-1005g1-4gb-ssd-m2-480gb-14-win10#.html,2023-08-25 15:34:50
92,notebooks,"Notebook Lenovo IdeaPad Flex 5 Core i3-1005G1 4Gb Ssd M2 960Gb 14"" Win10#",456989.0,mexx,https://www.mexx.com.ar/productos-rubro/notebooks/46019-notebook-lenovo-ideapad-flex-5-core-i3-1005g1-4gb-ssd-m2-960gb-14-win10#.html,2023-08-25 15:34:50
93,notebooks,"Notebook Acer Aspire 3 Celeron N4000 4Gb 500Gb 15.6"" W10",384999.0,mexx,https://www.mexx.com.ar/productos-rubro/notebooks/45761-notebook-acer-aspire-3-celeron-n4000-4gb-500gb-15.6-w10.html,2023-08-25 15:34:50
94,notebooks,"Notebook Acer Aspire 3 Ryzen 5 3500U 8Gb Ssd 256Gb 15.6"" Win11",749999.0,mexx,https://www.mexx.com.ar/productos-rubro/notebooks/43319-notebook-acer-aspire-3-ryzen-5-3500u-8gb-ssd-256gb-15.6-win11.html,2023-08-25 15:34:50
95,notebooks,"Notebook Acer Aspire 3 Ryzen 5 3500U 12Gb Ssd 256Gb 15.6"" Win11 #",757989.0,mexx,https://www.mexx.com.ar/productos-rubro/notebooks/43606-notebook-acer-aspire-3-ryzen-5-3500u-12gb-ssd-256gb-15.6-win11-#.html,2023-08-25 15:34:50
96,notebooks,"Notebook Acer Aspire 3 Ryzen 5 3500U 12Gb Ssd 256Gb Ssd 480Gb 15.6"" Win11 #",784989.0,mexx,https://www.mexx.com.ar/productos-rubro/notebooks/44632-notebook-acer-aspire-3-ryzen-5-3500u-12gb-ssd-256gb-ssd-480gb-15.6-win11-#.html,2023-08-25 15:34:50
97,notebooks,"Notebook Acer Aspire 3 Ryzen 5 3500U 12Gb Ssd 256Gb Ssd 960Gb 15.6"" Win11 #",801489.0,mexx,https://www.mexx.com.ar/productos-rubro/notebooks/44634-notebook-acer-aspire-3-ryzen-5-3500u-12gb-ssd-256gb-ssd-960gb-15.6-win11-#.html,2023-08-25 15:34:50
98,notebooks,"Notebook Acer Aspire 3 Ryzen 5 3500U 20Gb Ssd 256Gb 15.6"" Win11 #",773989.0,mexx,https://www.mexx.com.ar/productos-rubro/notebooks/45970-notebook-acer-aspire-3-ryzen-5-3500u-20gb-ssd-256gb-15.6-win11-#.html,2023-08-25 15:34:50
99,notebooks,"Notebook Acer Aspire 3 Ryzen 5 3500U 20Gb Ssd M2 480Gb 15.6"" Win11 #",797989.0,mexx,https://www.mexx.com.ar/productos-rubro/notebooks/45971-notebook-acer-aspire-3-ryzen-5-3500u-20gb-ssd-m2-480gb-15.6-win11-#.html,2023-08-25 15:34:50
100,notebooks,"Notebook Acer Aspire 3 Ryzen 5 3500U 20Gb Ssd M2 960Gb 15.6"" Win11 #",798989.0,mexx,https://www.mexx.com.ar/productos-rubro/notebooks/45972-notebook-acer-aspire-3-ryzen-5-3500u-20gb-ssd-m2-960gb-15.6-win11-#.html,2023-08-25 15:34:50
101,notebooks,"Notebook Acer Aspire 3 Core i3 8Gb Ssd 256Gb 15.6"" Win11",497989.0,mexx,https://www.mexx.com.ar/productos-rubro/notebooks/45459-notebook-acer-aspire-3-core-i3-8gb-ssd-256gb-15.6-win11.html,2023-08-25 15:34:50
102,notebooks,"Notebook Acer Aspire 3 Core i3 8Gb Ssd M2 480Gb 15.6"" Win11 #",521979.0,mexx,https://www.mexx.com.ar/productos-rubro/notebooks/45544-notebook-acer-aspire-3-core-i3-8gb-ssd-m2-480gb-15.6-win11-#.html,2023-08-25 15:34:50
103,notebooks,"Notebook Acer Aspire 3 Core i3 8Gb Ssd M2 960Gb 15.6"" Win11 #",534979.0,mexx,https://www.mexx.com.ar/productos-rubro/notebooks/45545-notebook-acer-aspire-3-core-i3-8gb-ssd-m2-960gb-15.6-win11-#.html,2023-08-25 15:34:50
104,notebooks,"Notebook Acer Aspire 3 Core i3 12Gb Ssd 256Gb 15.6"" Win11 #",505979.0,mexx,https://www.mexx.com.ar/productos-rubro/notebooks/45546-notebook-acer-aspire-3-core-i3-12gb-ssd-256gb-15.6-win11-#.html,2023-08-25 15:34:50
105,notebooks,"Notebook Acer Aspire 3 Core i3 12Gb Ssd M2 480Gb 15.6"" Win11 #",529979.0,mexx,https://www.mexx.com.ar/productos-rubro/notebooks/45547-notebook-acer-aspire-3-core-i3-12gb-ssd-m2-480gb-15.6-win11-#.html,2023-08-25 15:34:50
106,notebooks,"Notebook Acer Aspire 3 Core i3 12Gb Ssd M2 960Gb 15.6"" Win11 #",542979.0,mexx,https://www.mexx.com.ar/productos-rubro/notebooks/45548-notebook-acer-aspire-3-core-i3-12gb-ssd-m2-960gb-15.6-win11-#.html,2023-08-25 15:34:50
107,notebooks,"Notebook Acer Aspire 3 Core i3 20Gb Ssd 256Gb 15.6"" Win11 #",521979.0,mexx,https://www.mexx.com.ar/productos-rubro/notebooks/46137-notebook-acer-aspire-3-core-i3-20gb-ssd-256gb-15.6-win11-#.html,2023-08-25 15:34:50
108,notebooks,"Notebook Acer Aspire 3 Core i3 20Gb Ssd M2 480Gb 15.6"" Win11 #",545979.0,mexx,https://www.mexx.com.ar/productos-rubro/notebooks/46138-notebook-acer-aspire-3-core-i3-20gb-ssd-m2-480gb-15.6-win11-#.html,2023-08-25 15:34:50
109,notebooks,"Notebook Acer Aspire 3 Core i3 20Gb Ssd M2 960Gb 15.6"" Win11 #",558979.0,mexx,https://www.mexx.com.ar/productos-rubro/notebooks/46139-notebook-acer-aspire-3-core-i3-20gb-ssd-m2-960gb-15.6-win11-#.html,2023-08-25 15:34:50
110,notebooks,"Notebook Acer Aspire 5 Core i5 8Gb Ssd 256Gb 15.6"" Win10",624999.0,mexx,https://www.mexx.com.ar/productos-rubro/notebooks/43372-notebook-acer-aspire-5-core-i5-8gb-ssd-256gb-15.6-win10.html,2023-08-25 15:34:50
111,notebooks,"Notebook Acer Aspire 5 Core i5 8Gb Ssd 256Gb Ssd 480Gb 15.6"" Win10#",651989.0,mexx,https://www.mexx.com.ar/productos-rubro/notebooks/45623-notebook-acer-aspire-5-core-i5-8gb-ssd-256gb-ssd-480gb-15.6-win10#.html,2023-08-25 15:34:50
112,notebooks,"Notebook Acer Aspire 5 Core i5 8Gb Ssd 256Gb Ssd 960Gb 15.6"" Win10#",668489.0,mexx,https://www.mexx.com.ar/productos-rubro/notebooks/45622-notebook-acer-aspire-5-core-i5-8gb-ssd-256gb-ssd-960gb-15.6-win10#.html,2023-08-25 15:34:50
113,notebooks,"Notebook Acer Aspire 5 Core i5 12Gb Ssd 256Gb 15.6"" Win10 #",632989.0,mexx,https://www.mexx.com.ar/productos-rubro/notebooks/43562-notebook-acer-aspire-5-core-i5-12gb-ssd-256gb-15.6-win10-#.html,2023-08-25 15:34:50
114,notebooks,"Notebook Acer Aspire 5 Core i5 12Gb Ssd 256Gb Ssd 480Gb 15.6"" Win10 #",659989.0,mexx,https://www.mexx.com.ar/productos-rubro/notebooks/45625-notebook-acer-aspire-5-core-i5-12gb-ssd-256gb-ssd-480gb-15.6-win10-#.html,2023-08-25 15:34:50
115,notebooks,"Notebook Acer Aspire 5 Core i5 12Gb Ssd 256Gb Ssd 960Gb 15.6"" Win10 #",676489.0,mexx,https://www.mexx.com.ar/productos-rubro/notebooks/45624-notebook-acer-aspire-5-core-i5-12gb-ssd-256gb-ssd-960gb-15.6-win10-#.html,2023-08-25 15:34:50
116,notebooks,"Notebook Acer Aspire 5 Core i5 20Gb Ssd 256Gb 15.6"" Win10 #",648989.0,mexx,https://www.mexx.com.ar/productos-rubro/notebooks/44017-notebook-acer-aspire-5-core-i5-20gb-ssd-256gb-15.6-win10-#.html,2023-08-25 15:34:50
117,notebooks,"Notebook Acer Aspire 5 Core i5 20Gb Ssd 256Gb Ssd 480Gb 15.6"" Win10 #",675989.0,mexx,https://www.mexx.com.ar/productos-rubro/notebooks/45627-notebook-acer-aspire-5-core-i5-20gb-ssd-256gb-ssd-480gb-15.6-win10-#.html,2023-08-25 15:34:50
118,notebooks,"Notebook Acer Aspire 5 Core i5 20Gb Ssd 256Gb Ssd 960Gb 15.6"" Win10 #",692489.0,mexx,https://www.mexx.com.ar/productos-rubro/notebooks/45626-notebook-acer-aspire-5-core-i5-20gb-ssd-256gb-ssd-960gb-15.6-win10-#.html,2023-08-25 15:34:50
119,notebooks,"Notebook Acer Aspire 5 Core i7 8Gb Ssd 256Gb 15.6"" Win11",799999.0,mexx,https://www.mexx.com.ar/productos-rubro/notebooks/45762-notebook-acer-aspire-5-core-i7-8gb-ssd-256gb-15.6-win11.html,2023-08-25 15:34:50
120,notebooks,"Notebook Acer Aspire 5 Core i7 8Gb Ssd 256Gb Ssd 480Gb 15.6"" Win11 #",826989.0,mexx,https://www.mexx.com.ar/productos-rubro/notebooks/45980-notebook-acer-aspire-5-core-i7-8gb-ssd-256gb-ssd-480gb-15.6-win11-#.html,2023-08-25 15:34:50
121,notebooks,"Notebook Acer Aspire 5 Core i7 8Gb Ssd 256Gb Ssd 960Gb 15.6"" Win11 #",843489.0,mexx,https://www.mexx.com.ar/productos-rubro/notebooks/45981-notebook-acer-aspire-5-core-i7-8gb-ssd-256gb-ssd-960gb-15.6-win11-#.html,2023-08-25 15:34:50
122,notebooks,"Notebook Acer Aspire 5 Core i7 12Gb Ssd 256Gb 15.6"" Win11 #",807989.0,mexx,https://www.mexx.com.ar/productos-rubro/notebooks/45982-notebook-acer-aspire-5-core-i7-12gb-ssd-256gb-15.6-win11-#.html,2023-08-25 15:34:50
123,notebooks,"Notebook Acer Aspire 5 Core i7 12Gb Ssd 256Gb Ssd 480Gb 15.6"" Win11 #",834989.0,mexx,https://www.mexx.com.ar/productos-rubro/notebooks/45983-notebook-acer-aspire-5-core-i7-12gb-ssd-256gb-ssd-480gb-15.6-win11-#.html,2023-08-25 15:34:50
124,notebooks,"Notebook Acer Aspire 5 Core i7 12Gb Ssd 256Gb Ssd 960Gb 15.6"" Win11 #",851489.0,mexx,https://www.mexx.com.ar/productos-rubro/notebooks/45984-notebook-acer-aspire-5-core-i7-12gb-ssd-256gb-ssd-960gb-15.6-win11-#.html,2023-08-25 15:34:50
125,notebooks,"Notebook Acer Aspire 5 Core i7 20Gb Ssd 256Gb 15.6"" Win11 #",823989.0,mexx,https://www.mexx.com.ar/productos-rubro/notebooks/45997-notebook-acer-aspire-5-core-i7-20gb-ssd-256gb-15.6-win11-#.html,2023-08-25 15:34:50
126,notebooks,"Notebook Acer Aspire 5 Core i7 20Gb Ssd 256Gb Ssd 480Gb 15.6"" Win11 #",850989.0,mexx,https://www.mexx.com.ar/productos-rubro/notebooks/45998-notebook-acer-aspire-5-core-i7-20gb-ssd-256gb-ssd-480gb-15.6-win11-#.html,2023-08-25 15:34:50
127,notebooks,"Notebook Acer Aspire 5 Core i7 20Gb Ssd 256Gb Ssd 960Gb 15.6"" Win11 #",867489.0,mexx,https://www.mexx.com.ar/productos-rubro/notebooks/45999-notebook-acer-aspire-5-core-i7-20gb-ssd-256gb-ssd-960gb-15.6-win11-#.html,2023-08-25 15:34:50
128,notebooks,"Notebook Gamer Acer Core i7-12700H 16Gb Ssd 1Tb RTX3060 6Gb 15.6"" WIN11",1488999.0,mexx,https://www.mexx.com.ar/productos-rubro/notebooks/45289-notebook-gamer-acer-core-i7-12700h-16gb-ssd-1tb-rtx3060-6gb-15.6-win11.html,2023-08-25 15:34:50
129,notebooks,"Notebook Gamer Acer Nitro 5 Ryzen 7 8Gb Ssd 512Gb GTX1650 4Gb 15.6"" Win11",1029989.0,mexx,https://www.mexx.com.ar/productos-rubro/notebooks/45290-notebook-gamer-acer-nitro-5-ryzen-7-8gb-ssd-512gb-gtx1650-4gb-15.6-win11.html,2023-08-25 15:34:50
130,notebooks,"Notebook Acer Nitro 5 Ryzen 7 8Gb Ssd 512Gb Ssd 960Gb GTX1650 4Gb 15.6"" W11",1073479.0,mexx,https://www.mexx.com.ar/productos-rubro/notebooks/45612-notebook-acer-nitro-5-ryzen-7-8gb-ssd-512gb-ssd-960gb-gtx1650-4gb-15.6-w11.html,2023-08-25 15:34:50
131,notebooks,"Notebook Gamer Acer Nitro 5 Ryzen 7 16Gb Ssd 512Gb GTX1650 4Gb 15.6"" Win11#",1049979.0,mexx,https://www.mexx.com.ar/productos-rubro/notebooks/45613-notebook-gamer-acer-nitro-5-ryzen-7-16gb-ssd-512gb-gtx1650-4gb-15.6-win11#.html,2023-08-25 15:34:50
132,notebooks,"Notebook Acer Nitro 5 Ryzen 7 16Gb Ssd 512Gb Ssd 960Gb GTX1650 4Gb 15.6"" W#",1093479.0,mexx,https://www.mexx.com.ar/productos-rubro/notebooks/45614-notebook-acer-nitro-5-ryzen-7-16gb-ssd-512gb-ssd-960gb-gtx1650-4gb-15.6-w#.html,2023-08-25 15:34:50
133,notebooks,"Notebook Gamer Acer Nitro 5 Ryzen 7 32Gb Ssd 512Gb GTX1650 4Gb 15.6"" Win11#",1081979.0,mexx,https://www.mexx.com.ar/productos-rubro/notebooks/45615-notebook-gamer-acer-nitro-5-ryzen-7-32gb-ssd-512gb-gtx1650-4gb-15.6-win11#.html,2023-08-25 15:34:50
134,notebooks,"Notebook Acer Nitro 5 Ryzen 7 32Gb Ssd 512Gb Ssd 960Gb GTX1650 4Gb 15.6"" W#",1125479.0,mexx,https://www.mexx.com.ar/productos-rubro/notebooks/45616-notebook-acer-nitro-5-ryzen-7-32gb-ssd-512gb-ssd-960gb-gtx1650-4gb-15.6-w#.html,2023-08-25 15:34:50
135,notebooks,"Notebook Dell Vostro 3405 Ryzen 5 8Gb Ssd 256Gb 14""",637999.0,mexx,https://www.mexx.com.ar/productos-rubro/notebooks/41365-notebook-dell-vostro-3405-ryzen-5-8gb-ssd-256gb-14.html,2023-08-25 15:34:50
136,notebooks,"Notebook Dell Vostro 3405 Ryzen 5 8Gb Ssd 256Gb 1Tb 14"" #",655489.0,mexx,https://www.mexx.com.ar/productos-rubro/notebooks/46166-notebook-dell-vostro-3405-ryzen-5-8gb-ssd-256gb-1tb-14-#.html,2023-08-25 15:34:50
137,notebooks,"Notebook Dell Vostro 3405 Ryzen 5 8Gb Ssd M2 480Gb 1Tb 14"" #",679489.0,mexx,https://www.mexx.com.ar/productos-rubro/notebooks/46167-notebook-dell-vostro-3405-ryzen-5-8gb-ssd-m2-480gb-1tb-14-#.html,2023-08-25 15:34:50
138,notebooks,"Notebook Dell Vostro 3405 Ryzen 5 8Gb Ssd M2 960Gb 1Tb 14"" #",692489.0,mexx,https://www.mexx.com.ar/productos-rubro/notebooks/46168-notebook-dell-vostro-3405-ryzen-5-8gb-ssd-m2-960gb-1tb-14-#.html,2023-08-25 15:34:50
139,notebooks,"Notebook Dell Vostro 3405 Ryzen 5 16Gb Ssd 256Gb 14"" #",657989.0,mexx,https://www.mexx.com.ar/productos-rubro/notebooks/46169-notebook-dell-vostro-3405-ryzen-5-16gb-ssd-256gb-14-#.html,2023-08-25 15:34:50
140,notebooks,"Notebook Dell Vostro 3405 Ryzen 5 16Gb Ssd 256Gb 1Tb 14"" #",675489.0,mexx,https://www.mexx.com.ar/productos-rubro/notebooks/46170-notebook-dell-vostro-3405-ryzen-5-16gb-ssd-256gb-1tb-14-#.html,2023-08-25 15:34:50
141,notebooks,"Notebook Dell Vostro 3405 Ryzen 5 16Gb Ssd M2 480Gb 1Tb 14"" #",699489.0,mexx,https://www.mexx.com.ar/productos-rubro/notebooks/46171-notebook-dell-vostro-3405-ryzen-5-16gb-ssd-m2-480gb-1tb-14-#.html,2023-08-25 15:34:50
142,notebooks,"Notebook Noblex 3 Core i3 1115G4 8Gb Ssd 256Gb 14""",294549.0,mexx,https://www.mexx.com.ar/productos-rubro/notebooks/46070-notebook-noblex-3-core-i3-1115g4-8gb-ssd-256gb-14.html,2023-08-25 15:34:50
143,notebooks,"Notebook Samsung Galaxy Book3 Core i3 256Gb 8Gb 15.6"" Win11 Plateado",506999.0,mexx,https://www.mexx.com.ar/productos-rubro/notebooks/46008-notebook-samsung-galaxy-book3-core-i3-256gb-8gb-15.6-win11-plateado.html,2023-08-25 15:34:50
144,notebooks,"Notebook Samsung Galaxy Book3 Pro Core i5 512Gb 16Gb 14"" Win11 Beige",1094999.0,mexx,https://www.mexx.com.ar/productos-rubro/notebooks/45961-notebook-samsung-galaxy-book3-pro-core-i5-512gb-16gb-14-win11-beige.html,2023-08-25 15:34:50
145,notebooks,"Notebook Samsung Galaxy Book3 Pro Core i5 512Gb 16Gb 14"" Win11 Negro",1094999.0,mexx,https://www.mexx.com.ar/productos-rubro/notebooks/46014-notebook-samsung-galaxy-book3-pro-core-i5-512gb-16gb-14-win11-negro.html,2023-08-25 15:34:50
146,notebooks,"Notebook Samsung Galaxy Book3 Core i5 512Gb 8Gb 15.6"" Win11 Silver",615999.0,mexx,https://www.mexx.com.ar/productos-rubro/notebooks/45962-notebook-samsung-galaxy-book3-core-i5-512gb-8gb-15.6-win11-silver.html,2023-08-25 15:34:50
147,notebooks,"Notebook Samsung Galaxy Book3 Core i5 512Gb Ssd M2 960Gb 8Gb 15.6"" Win11 #",658989.0,mexx,https://www.mexx.com.ar/productos-rubro/notebooks/46029-notebook-samsung-galaxy-book3-core-i5-512gb-ssd-m2-960gb-8gb-15.6-win11-#.html,2023-08-25 15:34:50
148,notebooks,"Notebook Samsung Galaxy Book3 Pro 360 Core i7 512Gb 16Gb 15.6""",1169999.0,mexx,https://www.mexx.com.ar/productos-rubro/notebooks/46053-notebook-samsung-galaxy-book3-pro-360-core-i7-512gb-16gb-15.6.html,2023-08-25 15:34:50
149,memorias-ram,Memoria Ram DDR4 - 8Gb 3200 Mhz Adata Value ,19149.0,mexx,https://www.mexx.com.ar/productos-rubro/memorias-ram/44441-memoria-ram-ddr4-8gb-3200-mhz-adata-value.html,2023-08-25 15:34:52
150,memorias-ram,Memoria Ram DDR4 - 8Gb 3200 Mhz Kingston Value ,21999.0,mexx,https://www.mexx.com.ar/productos-rubro/memorias-ram/40364-memoria-ram-ddr4-8gb-3200-mhz-kingston-value.html,2023-08-25 15:34:52
151,memorias-ram,Memoria Ram DDR4 - 8Gb 3200 Mhz Xpg Spectrix D45 Rgb ,24469.0,mexx,https://www.mexx.com.ar/productos-rubro/memorias-ram/45894-memoria-ram-ddr4-8gb-3200-mhz-xpg-spectrix-d45-rgb.html,2023-08-25 15:34:52
152,memorias-ram,Memoria Ram DDR4 - 8Gb 3200 Mhz Xpg Spectrix D50 Rgb,28999.0,mexx,https://www.mexx.com.ar/productos-rubro/memorias-ram/45893-memoria-ram-ddr4-8gb-3200-mhz-xpg-spectrix-d50-rgb.html,2023-08-25 15:34:52
153,memorias-ram,Memoria Ram DDR4 - 8Gb 3200 Mhz Corsair Vengeance Rgb Pro Negro,33999.0,mexx,https://www.mexx.com.ar/productos-rubro/memorias-ram/40887-memoria-ram-ddr4-8gb-3200-mhz-corsair-vengeance-rgb-pro-negro.html,2023-08-25 15:34:52
154,memorias-ram,Memoria Ram DDR4 - 8Gb 3200 Mhz Corsair Vengeance Rgb RS Negro,32999.0,mexx,https://www.mexx.com.ar/productos-rubro/memorias-ram/40886-memoria-ram-ddr4-8gb-3200-mhz-corsair-vengeance-rgb-rs-negro.html,2023-08-25 15:34:52
155,memorias-ram,Memoria Ram DDR4 - 8Gb 3200 Mhz Xpg Spectrix D41 Rgb,28999.0,mexx,https://www.mexx.com.ar/productos-rubro/memorias-ram/44146-memoria-ram-ddr4-8gb-3200-mhz-xpg-spectrix-d41-rgb.html,2023-08-25 15:34:52
156,memorias-ram,Memoria Ram DDR4 - 8Gb 3200 Mhz Xpg Spectrix D60G Rgb,34499.0,mexx,https://www.mexx.com.ar/productos-rubro/memorias-ram/38192-memoria-ram-ddr4-8gb-3200-mhz-xpg-spectrix-d60g-rgb.html,2023-08-25 15:34:52
157,memorias-ram,Memoria Ram DDR4 - 8Gb 3200 Mhz Xpg Spectrix D41 Rgb,28999.0,mexx,https://www.mexx.com.ar/productos-rubro/memorias-ram/38193-memoria-ram-ddr4-8gb-3200-mhz-xpg-spectrix-d41-rgb.html,2023-08-25 15:34:52
158,memorias-ram,Memoria Ram DDR4 - 8Gb 3600 Mhz Kingston Fury Renegade ,39999.0,mexx,https://www.mexx.com.ar/productos-rubro/memorias-ram/40874-memoria-ram-ddr4-8gb-3600-mhz-kingston-fury-renegade.html,2023-08-25 15:34:52
159,memorias-ram,Memoria Ram DDR4 - 8Gb 3600 Mhz Kingston Fury Renegade Rgb,44999.0,mexx,https://www.mexx.com.ar/productos-rubro/memorias-ram/41267-memoria-ram-ddr4-8gb-3600-mhz-kingston-fury-renegade-rgb.html,2023-08-25 15:34:52
160,memorias-ram,Memoria Ram DDR4 - 8Gb 3600 Mhz Corsair Vengeance Pro Rgb Negro,35999.0,mexx,https://www.mexx.com.ar/productos-rubro/memorias-ram/40888-memoria-ram-ddr4-8gb-3600-mhz-corsair-vengeance-pro-rgb-negro.html,2023-08-25 15:34:52
161,memorias-ram,Memoria Ram DDR4 - 8Gb 3600 Mhz Xpg Spectrix D60G Rgb,35999.0,mexx,https://www.mexx.com.ar/productos-rubro/memorias-ram/43530-memoria-ram-ddr4-8gb-3600-mhz-xpg-spectrix-d60g-rgb.html,2023-08-25 15:34:52
162,memorias-ram,Memoria Ram DDR4 - 8Gb 3600 Mhz Xpg Spectrix D41 Rgb,32999.0,mexx,https://www.mexx.com.ar/productos-rubro/memorias-ram/45895-memoria-ram-ddr4-8gb-3600-mhz-xpg-spectrix-d41-rgb.html,2023-08-25 15:34:52
163,memorias-ram,Memoria Ram DDR4 - 8Gb 3600 Mhz Xpg Spectrix D50 Rgb,32999.0,mexx,https://www.mexx.com.ar/productos-rubro/memorias-ram/45896-memoria-ram-ddr4-8gb-3600-mhz-xpg-spectrix-d50-rgb.html,2023-08-25 15:34:52
164,memorias-ram,Memoria Ram DDR4 - 16Gb 3200 Mhz Corsair Vengeance Rs Rgb Negro,48299.0,mexx,https://www.mexx.com.ar/productos-rubro/memorias-ram/40891-memoria-ram-ddr4-16gb-3200-mhz-corsair-vengeance-rs-rgb-negro.html,2023-08-25 15:34:52
165,memorias-ram,Memoria Ram DDR4 - 16Gb 3200 Mhz Kingston Value ,36999.0,mexx,https://www.mexx.com.ar/productos-rubro/memorias-ram/39770-memoria-ram-ddr4-16gb-3200-mhz-kingston-value.html,2023-08-25 15:34:52
166,memorias-ram,Memoria Ram DDR4 - 16Gb 2x8 3200 Mhz Corsair Vengeance Rgb Rs,58999.0,mexx,https://www.mexx.com.ar/productos-rubro/memorias-ram/41134-memoria-ram-ddr4-16gb-2x8-3200-mhz-corsair-vengeance-rgb-rs.html,2023-08-25 15:34:52
167,memorias-ram,Memoria Ram DDR4 - 16Gb 2x8 3200 Mhz Corsair Vengance Rgb Pro Blanco,59999.0,mexx,https://www.mexx.com.ar/productos-rubro/memorias-ram/39382-memoria-ram-ddr4-16gb-2x8-3200-mhz-corsair-vengance-rgb-pro-blanco.html,2023-08-25 15:34:52
168,memorias-ram,Memoria Ram DDR4 - 16Gb 2x8 3200 Mhz Corsair Vengance Rgb Pro Negro,59999.0,mexx,https://www.mexx.com.ar/productos-rubro/memorias-ram/39381-memoria-ram-ddr4-16gb-2x8-3200-mhz-corsair-vengance-rgb-pro-negro.html,2023-08-25 15:34:52
169,memorias-ram,Memoria Ram DDR4 - 16Gb 2x8 3600 Mhz Xpg Spectrix D45 Rgb Blanco,53999.0,mexx,https://www.mexx.com.ar/productos-rubro/memorias-ram/45898-memoria-ram-ddr4-16gb-2x8-3600-mhz-xpg-spectrix-d45-rgb-blanco.html,2023-08-25 15:34:52
170,memorias-ram,Memoria Ram DDR4 - 16Gb 2x8 3600 Mhz Xpg Spectrix D45 Rgb,53999.0,mexx,https://www.mexx.com.ar/productos-rubro/memorias-ram/45897-memoria-ram-ddr4-16gb-2x8-3600-mhz-xpg-spectrix-d45-rgb.html,2023-08-25 15:34:52
171,memorias-ram,Memoria Ram DDR4 - 16Gb 2x8 3600 Mhz Pny XLR8 Gaming Epic-x Rgb Plateado,52499.0,mexx,https://www.mexx.com.ar/productos-rubro/memorias-ram/44770-memoria-ram-ddr4-16gb-2x8-3600-mhz-pny-xlr8-gaming-epic-x-rgb-plateado.html,2023-08-25 15:34:52
172,memorias-ram,Memoria Ram DDR4 - 16Gb 2x8 3600 Mhz Corsair Vengeance Rgb Rs Negro,61999.0,mexx,https://www.mexx.com.ar/productos-rubro/memorias-ram/40894-memoria-ram-ddr4-16gb-2x8-3600-mhz-corsair-vengeance-rgb-rs-negro.html,2023-08-25 15:34:52
173,memorias-ram,Memoria Ram DDR4 - 16Gb 2x8 3600 Mhz Corsair Vengance Rgb Pro Negro,63999.0,mexx,https://www.mexx.com.ar/productos-rubro/memorias-ram/39383-memoria-ram-ddr4-16gb-2x8-3600-mhz-corsair-vengance-rgb-pro-negro.html,2023-08-25 15:34:52
174,memorias-ram,Memoria Ram DDR4 - 16Gb 2x8 3600 Mhz Corsair Vengance Rgb Pro Blanco,63999.0,mexx,https://www.mexx.com.ar/productos-rubro/memorias-ram/39384-memoria-ram-ddr4-16gb-2x8-3600-mhz-corsair-vengance-rgb-pro-blanco.html,2023-08-25 15:34:52
175,memorias-ram,Memoria Ram DDR4 - 32Gb 2x16 3200 Mhz Corsair Vengeance Rgb Pro Blanco ,98999.0,mexx,https://www.mexx.com.ar/productos-rubro/memorias-ram/36272-memoria-ram-ddr4-32gb-2x16-3200-mhz-corsair-vengeance-rgb-pro-blanco.html,2023-08-25 15:34:52
176,memorias-ram,Memoria Ram DDR4 - 32Gb 2x16 3200 Mhz Corsair Vengeance Rgb Rs Negro ,98999.0,mexx,https://www.mexx.com.ar/productos-rubro/memorias-ram/40897-memoria-ram-ddr4-32gb-2x16-3200-mhz-corsair-vengeance-rgb-rs-negro.html,2023-08-25 15:34:52
177,memorias-ram,Memoria Ram DDR5 - 8Gb 4800 Mhz Kingston Value ,31979.0,mexx,https://www.mexx.com.ar/productos-rubro/memorias-ram/42708-memoria-ram-ddr5-8gb-4800-mhz-kingston-value.html,2023-08-25 15:34:52
178,memorias-ram,Memoria Ram DDR5 - 8Gb 4800 Mhz Adata,37329.0,mexx,https://www.mexx.com.ar/productos-rubro/memorias-ram/42392-memoria-ram-ddr5-8gb-4800-mhz-adata.html,2023-08-25 15:34:52
179,memorias-ram,Memoria Ram DDR5 - 8Gb 4800 Mhz Kingston Fury Beast ,58299.0,mexx,https://www.mexx.com.ar/productos-rubro/memorias-ram/42557-memoria-ram-ddr5-8gb-4800-mhz-kingston-fury-beast.html,2023-08-25 15:34:52
180,memorias-ram,Memoria Ram DDR5 - 8Gb 4800 Mhz Kingston Fury Beast Rgb,59999.0,mexx,https://www.mexx.com.ar/productos-rubro/memorias-ram/44121-memoria-ram-ddr5-8gb-4800-mhz-kingston-fury-beast-rgb.html,2023-08-25 15:34:52
181,memorias-ram,Memoria Ram DDR5 - 8Gb 5200 Mhz Kingston Fury Beast ,61999.0,mexx,https://www.mexx.com.ar/productos-rubro/memorias-ram/46015-memoria-ram-ddr5-8gb-5200-mhz-kingston-fury-beast.html,2023-08-25 15:34:52
182,memorias-ram,Memoria Ram DDR5 - 8Gb 5200 Mhz Kingston Fury Beast Rgb,62999.0,mexx,https://www.mexx.com.ar/productos-rubro/memorias-ram/46050-memoria-ram-ddr5-8gb-5200-mhz-kingston-fury-beast-rgb.html,2023-08-25 15:34:52
183,memorias-ram,Memoria Ram DDR5 - 16Gb 4800 Mhz Kingston Fury Beast ,99599.0,mexx,https://www.mexx.com.ar/productos-rubro/memorias-ram/41629-memoria-ram-ddr5-16gb-4800-mhz-kingston-fury-beast.html,2023-08-25 15:34:52
184,memorias-ram,Memoria Ram DDR5 - 16Gb 4800 Mhz Kingston Fury Beast Rgb,109999.0,mexx,https://www.mexx.com.ar/productos-rubro/memorias-ram/45957-memoria-ram-ddr5-16gb-4800-mhz-kingston-fury-beast-rgb.html,2023-08-25 15:34:52
185,memorias-ram,Memoria Ram DDR5 - 16Gb 5200 Mhz Kingston Fury Beast ,106979.0,mexx,https://www.mexx.com.ar/productos-rubro/memorias-ram/42921-memoria-ram-ddr5-16gb-5200-mhz-kingston-fury-beast.html,2023-08-25 15:34:52
186,memorias-ram,Memoria Ram DDR5 - 16Gb 5200 Mhz Kingston Fury Beast Rgb,107869.0,mexx,https://www.mexx.com.ar/productos-rubro/memorias-ram/45958-memoria-ram-ddr5-16gb-5200-mhz-kingston-fury-beast-rgb.html,2023-08-25 15:34:52
187,memorias-ram,Memoria Ram DDR5 - 16Gb 6000 Mhz Kingston Fury Renegade,106799.0,mexx,https://www.mexx.com.ar/productos-rubro/memorias-ram/45959-memoria-ram-ddr5-16gb-6000-mhz-kingston-fury-renegade.html,2023-08-25 15:34:52
188,memorias-ram,Memoria Ram DDR5 - 16Gb 6000 Mhz Kingston Fury Renegade Rgb,119999.0,mexx,https://www.mexx.com.ar/productos-rubro/memorias-ram/45960-memoria-ram-ddr5-16gb-6000-mhz-kingston-fury-renegade-rgb.html,2023-08-25 15:34:52
189,memorias-ram,Memoria Ram SODIMM DDR4 - 16Gb 2666 Mhz Kingston,29999.0,mexx,https://www.mexx.com.ar/productos-rubro/memorias-ram/39461-memoria-ram-sodimm-ddr4-16gb-2666-mhz-kingston.html,2023-08-25 15:34:52
190,memorias-ram,Memoria Ram SODIMM DDR4 - 16Gb 3200 Mhz Lexar Value,34999.0,mexx,https://www.mexx.com.ar/productos-rubro/memorias-ram/46016-memoria-ram-sodimm-ddr4-16gb-3200-mhz-lexar-value.html,2023-08-25 15:34:52
191,memorias-ram,Memoria Ram SODIMM DDR4 - 16Gb 3200 Mhz Kingston,35269.0,mexx,https://www.mexx.com.ar/productos-rubro/memorias-ram/45697-memoria-ram-sodimm-ddr4-16gb-3200-mhz-kingston.html,2023-08-25 15:34:52
192,placas-de-video,Placa De Video GeForce GT 710 2Gb Msi,68729.0,mexx,https://www.mexx.com.ar/productos-rubro/placas-de-video/36634-placa-de-video-geforce-gt-710-2gb-msi.html,2023-08-25 15:34:53
193,placas-de-video,Placa De Video GeForce GT 1030 2Gb Msi Oc,100999.0,mexx,https://www.mexx.com.ar/productos-rubro/placas-de-video/44432-placa-de-video-geforce-gt-1030-2gb-msi-oc.html,2023-08-25 15:34:53
194,placas-de-video,Placa De Video GeForce GT 1030 2Gb Gigabyte Low Profile DDR4,99369.0,mexx,https://www.mexx.com.ar/productos-rubro/placas-de-video/40847-placa-de-video-geforce-gt-1030-2gb-gigabyte-low-profile-ddr4.html,2023-08-25 15:34:53
195,placas-de-video,Placa De Video GeForce GTX 1630 4Gb Msi Ventus Xs Oc ,233729.0,mexx,https://www.mexx.com.ar/productos-rubro/placas-de-video/43492-placa-de-video-geforce-gtx-1630-4gb-msi-ventus-xs-oc.html,2023-08-25 15:34:53
196,placas-de-video,Placa De Video GeForce GTX 1650 4Gb Msi Ventus Xs Oc D6 V1,226859.0,mexx,https://www.mexx.com.ar/productos-rubro/placas-de-video/41744-placa-de-video-geforce-gtx-1650-4gb-msi-ventus-xs-oc-d6-v1.html,2023-08-25 15:34:53
197,placas-de-video,Placa De Video GeForce GTX 1650 4Gb Gigabyte D6 Oc,199999.0,mexx,https://www.mexx.com.ar/productos-rubro/placas-de-video/41476-placa-de-video-geforce-gtx-1650-4gb-gigabyte-d6-oc.html,2023-08-25 15:34:53
198,placas-de-video,Placa De Video GeForce GTX 1650 4Gb Asus Tuf Gaming DDR6 P,244999.0,mexx,https://www.mexx.com.ar/productos-rubro/placas-de-video/40789-placa-de-video-geforce-gtx-1650-4gb-asus-tuf-gaming-ddr6-p.html,2023-08-25 15:34:53
199,placas-de-video,Placa De Video GeForce GTX 1650 4Gb Pny D6,217999.0,mexx,https://www.mexx.com.ar/productos-rubro/placas-de-video/44126-placa-de-video-geforce-gtx-1650-4gb-pny-d6.html,2023-08-25 15:34:53
200,placas-de-video,Placa De Video LHR GeForce RTX 3050 8Gb Msi Ventus 2X Oc,386519.0,mexx,https://www.mexx.com.ar/productos-rubro/placas-de-video/42100-placa-de-video-lhr-geforce-rtx-3050-8gb-msi-ventus-2x-oc.html,2023-08-25 15:34:53
201,placas-de-video,Placa De Video GeForce RTX 3060 12Gb Gigabyte Gaming Oc,455199.0,mexx,https://www.mexx.com.ar/productos-rubro/placas-de-video/43222-placa-de-video-geforce-rtx-3060-12gb-gigabyte-gaming-oc.html,2023-08-25 15:34:53
202,placas-de-video,Placa De Video GeForce RTX 3060 12Gb Msi Ventus 3X Oc,469899.0,mexx,https://www.mexx.com.ar/productos-rubro/placas-de-video/40108-placa-de-video-geforce-rtx-3060-12gb-msi-ventus-3x-oc.html,2023-08-25 15:34:53
203,placas-de-video,Placa De Video GeForce RTX 4060 Ti 8Gb Msi Gaming X Oc,571979.0,mexx,https://www.mexx.com.ar/productos-rubro/placas-de-video/45813-placa-de-video-geforce-rtx-4060-ti-8gb-msi-gaming-x-oc.html,2023-08-25 15:34:53
204,placas-de-video,Placa De Video GeForce RTX 4060 Ti 8Gb Gigabyte Gaming Oc,569729.0,mexx,https://www.mexx.com.ar/productos-rubro/placas-de-video/45837-placa-de-video-geforce-rtx-4060-ti-8gb-gigabyte-gaming-oc.html,2023-08-25 15:34:53
205,placas-de-video,Placa De Video GeForce RTX 4070 12Gb Gigabyte Gaming Oc,847999.0,mexx,https://www.mexx.com.ar/productos-rubro/placas-de-video/45836-placa-de-video-geforce-rtx-4070-12gb-gigabyte-gaming-oc.html,2023-08-25 15:34:53
206,placas-de-video,Placa De Video GeForce RTX 4070 12Gb Msi Ventus 3X Oc,864859.0,mexx,https://www.mexx.com.ar/productos-rubro/placas-de-video/45828-placa-de-video-geforce-rtx-4070-12gb-msi-ventus-3x-oc.html,2023-08-25 15:34:53
207,placas-de-video,Placa De Video GeForce RTX 4070 12Gb Msi Gaming X Trio ,879199.0,mexx,https://www.mexx.com.ar/productos-rubro/placas-de-video/45830-placa-de-video-geforce-rtx-4070-12gb-msi-gaming-x-trio.html,2023-08-25 15:34:53
208,placas-de-video,Placa De Video GeForce RTX 4080 16Gb Msi Ventus 3X Oc,1270779.0,mexx,https://www.mexx.com.ar/productos-rubro/placas-de-video/40845-placa-de-video-geforce-rtx-4080-16gb-msi-ventus-3x-oc.html,2023-08-25 15:34:53
209,placas-de-video,Placa De Video GeForce RTX 4080 16Gb Gigabyte Gaming Oc,1412399.0,mexx,https://www.mexx.com.ar/productos-rubro/placas-de-video/45835-placa-de-video-geforce-rtx-4080-16gb-gigabyte-gaming-oc.html,2023-08-25 15:34:53
210,placas-de-video,Placa De Video GeForce RTX 4090 24Gb Gigabyte Gaming Oc ,2003999.0,mexx,https://www.mexx.com.ar/productos-rubro/placas-de-video/44405-placa-de-video-geforce-rtx-4090-24gb-gigabyte-gaming-oc.html,2023-08-25 15:34:53
211,placas-de-video,Placa De Video GeForce RTX 4090 24Gb Msi Gaming Trio,2004399.0,mexx,https://www.mexx.com.ar/productos-rubro/placas-de-video/45833-placa-de-video-geforce-rtx-4090-24gb-msi-gaming-trio.html,2023-08-25 15:34:53
212,placas-de-video,Placa De Video GeForce RTX 4090 24Gb Msi Suprim X,2091949.0,mexx,https://www.mexx.com.ar/productos-rubro/placas-de-video/45834-placa-de-video-geforce-rtx-4090-24gb-msi-suprim-x.html,2023-08-25 15:34:53
213,placas-de-video,Placa De Video GeForce RTX 4070 Ti 12Gb Gigabyte Gaming Oc,952499.0,mexx,https://www.mexx.com.ar/productos-rubro/placas-de-video/45539-placa-de-video-geforce-rtx-4070-ti-12gb-gigabyte-gaming-oc.html,2023-08-25 15:34:53
214,monitores,"Monitor Led 19"" Be One 60Hz 5Ms",65109.0,mexx,https://www.mexx.com.ar/productos-rubro/monitores/43590-monitor-led-19-be-one-60hz-5ms.html,2023-08-25 15:34:55
215,monitores,"Monitor Led 19"" LG Hd 60Hz 5Ms 19M38A-B",75699.0,mexx,https://www.mexx.com.ar/productos-rubro/monitores/36366-monitor-led-19-lg-hd-60hz-5ms-19m38a-b.html,2023-08-25 15:34:55
216,monitores,"Monitor Led 19"" Philips 60Hz 193V5LHSB2",59989.0,mexx,https://www.mexx.com.ar/productos-rubro/monitores/41120-monitor-led-19-philips-60hz-193v5lhsb2.html,2023-08-25 15:34:55
217,monitores,"Monitor Led 19"" Samsung Hd 60Hz 5Ms 19A330N",92829.0,mexx,https://www.mexx.com.ar/productos-rubro/monitores/40032-monitor-led-19-samsung-hd-60hz-5ms-19a330n.html,2023-08-25 15:34:55
218,monitores,"Monitor Led 20"" LG Hd 60Hz 5Ms 20MK400H-B",79999.0,mexx,https://www.mexx.com.ar/productos-rubro/monitores/36247-monitor-led-20-lg-hd-60hz-5ms-20mk400h-b.html,2023-08-25 15:34:55
219,monitores,"Monitor Led 20"" Viewsonic 60Hz Vga Dvi  VA2055SM",71599.0,mexx,https://www.mexx.com.ar/productos-rubro/monitores/45822-monitor-led-20-viewsonic-60hz-vga-dvi-va2055sm.html,2023-08-25 15:34:55
220,monitores,"Monitor Led 22"" Gfast 60Hz Fhd Hdm T-220 ",70999.0,mexx,https://www.mexx.com.ar/productos-rubro/monitores/44185-monitor-led-22-gfast-60hz-fhd-hdm-t-220.html,2023-08-25 15:34:55
221,monitores,"Monitor Led 22"" Acer Full Hd 60Hz 5Ms V227Q",79789.0,mexx,https://www.mexx.com.ar/productos-rubro/monitores/46094-monitor-led-22-acer-full-hd-60hz-5ms-v227q.html,2023-08-25 15:34:55
222,monitores,"Monitor Led 22"" Viewsonic 60Hz Fhd Touch TD2230",409999.0,mexx,https://www.mexx.com.ar/productos-rubro/monitores/44911-monitor-led-22-viewsonic-60hz-fhd-touch-td2230.html,2023-08-25 15:34:55
223,monitores,"Monitor Led 22"" Samsung Full Hd 60Hz 6.5Ms S33A",73879.0,mexx,https://www.mexx.com.ar/productos-rubro/monitores/43564-monitor-led-22-samsung-full-hd-60hz-6.5ms-s33a.html,2023-08-25 15:34:55
224,monitores,"Monitor Led 22"" Samsung Full Hd 75Hz Ips 5Ms T350FHL",86999.0,mexx,https://www.mexx.com.ar/productos-rubro/monitores/39460-monitor-led-22-samsung-full-hd-75hz-ips-5ms-t350fhl.html,2023-08-25 15:34:55
225,monitores,"Monitor Led 22"" LG Full Hd 75Hz 5Ms 22MP410-B",94859.0,mexx,https://www.mexx.com.ar/productos-rubro/monitores/42935-monitor-led-22-lg-full-hd-75hz-5ms-22mp410-b.html,2023-08-25 15:34:55
226,monitores,"Monitor Led 22"" LG Full Hd 75Hz 5Ms 22MK600M",119869.0,mexx,https://www.mexx.com.ar/productos-rubro/monitores/41026-monitor-led-22-lg-full-hd-75hz-5ms-22mk600m.html,2023-08-25 15:34:55
227,monitores,"Monitor Led 22"" Asus Full Hd 60Hz 1Ms VP228HE-J",82299.0,mexx,https://www.mexx.com.ar/productos-rubro/monitores/43212-monitor-led-22-asus-full-hd-60hz-1ms-vp228he-j.html,2023-08-25 15:34:55
228,monitores,"Monitor Led 24"" Noblex Full Hd 75Hz Vga Hdmi MK24X7100",90919.0,mexx,https://www.mexx.com.ar/productos-rubro/monitores/45189-monitor-led-24-noblex-full-hd-75hz-vga-hdmi-mk24x7100.html,2023-08-25 15:34:55
229,monitores,"Monitor Led 24"" Asus Full Hd Ips 75Hz 5Ms Freesync VA24EHE-J",143359.0,mexx,https://www.mexx.com.ar/productos-rubro/monitores/42804-monitor-led-24-asus-full-hd-ips-75hz-5ms-freesync-va24ehe-j.html,2023-08-25 15:34:55
230,monitores,"Monitor Gamer 24"" Asus Full Hd 165Hz 0.5Ms VG248QG TN",216299.0,mexx,https://www.mexx.com.ar/productos-rubro/monitores/40684-monitor-gamer-24-asus-full-hd-165hz-0.5ms-vg248qg-tn.html,2023-08-25 15:34:55
231,monitores,"Monitor Gamer 24"" Asus Full Hd IPS 144Hz 1Ms VP249QGR ",225249.0,mexx,https://www.mexx.com.ar/productos-rubro/monitores/42072-monitor-gamer-24-asus-full-hd-ips-144hz-1ms-vp249qgr.html,2023-08-25 15:34:55
232,monitores,"Monitor Gamer 24"" Asus Full Hd 165Hz 0.5Ms VG248QG-J",208489.0,mexx,https://www.mexx.com.ar/productos-rubro/monitores/42789-monitor-gamer-24-asus-full-hd-165hz-0.5ms-vg248qg-j.html,2023-08-25 15:34:55
233,monitores,"Monitor Led 24"" LG Full Hd 75Hz 5Ms FreeSync 24MK430H-B ",94339.0,mexx,https://www.mexx.com.ar/productos-rubro/monitores/36146-monitor-led-24-lg-full-hd-75hz-5ms-freesync-24mk430h-b.html,2023-08-25 15:34:55
234,monitores,"Monitor Led 24"" Samsung Full Hd 75Hz 5Ms IPS T350FHL",99799.0,mexx,https://www.mexx.com.ar/productos-rubro/monitores/39232-monitor-led-24-samsung-full-hd-75hz-5ms-ips-t350fhl.html,2023-08-25 15:34:55
235,monitores,"Monitor Gamer 24"" Samsung Curvo Full Hd 60Hz 4Ms C24F390FHL",143989.0,mexx,https://www.mexx.com.ar/productos-rubro/monitores/33741-monitor-gamer-24-samsung-curvo-full-hd-60hz-4ms-c24f390fhl.html,2023-08-25 15:34:55
236,monitores,"Monitor Gamer 24"" Asus Tuf Gaming Curvo Full Hd 144Hz 1Ms VG24VQ",233999.0,mexx,https://www.mexx.com.ar/productos-rubro/monitores/41023-monitor-gamer-24-asus-tuf-gaming-curvo-full-hd-144hz-1ms-vg24vq.html,2023-08-25 15:34:55
237,monitores,"Monitor Gamer 24"" Samsung Full Hd 144Hz 1Ms Odyssey G3 LS24AG30ANLX",199989.0,mexx,https://www.mexx.com.ar/productos-rubro/monitores/44056-monitor-gamer-24-samsung-full-hd-144hz-1ms-odyssey-g3-ls24ag30anlx.html,2023-08-25 15:34:55
238,monitores,"Monitor Gamer 24"" Samsung Curvo Full Hd 144Hz 4Ms Dp G50 LC24RG50FZLCZB",144989.0,mexx,https://www.mexx.com.ar/productos-rubro/monitores/43518-monitor-gamer-24-samsung-curvo-full-hd-144hz-4ms-dp-g50-lc24rg50fzlczb.html,2023-08-25 15:34:55
239,monitores,"Monitor Led 24"" LG Full Hd 75Hz 4Ms 24MK600M",122979.0,mexx,https://www.mexx.com.ar/productos-rubro/monitores/40577-monitor-led-24-lg-full-hd-75hz-4ms-24mk600m.html,2023-08-25 15:34:55
240,monitores,"Monitor Gamer 24"" LG Full Hd 144Hz 1Ms Freesync 24GN60R-B",194999.0,mexx,https://www.mexx.com.ar/productos-rubro/monitores/44686-monitor-gamer-24-lg-full-hd-144hz-1ms-freesync-24gn60r-b.html,2023-08-25 15:34:55
241,monitores,"Monitor Gamer 24"" Gigabyte Full Hd 165Hz 1Ms Freesync G24F-2",239999.0,mexx,https://www.mexx.com.ar/productos-rubro/monitores/44623-monitor-gamer-24-gigabyte-full-hd-165hz-1ms-freesync-g24f-2.html,2023-08-25 15:34:55
242,monitores,"Monitor Gamer 24"" Msi Optix Full Hd 144Hz 1Ms Freesync G241 Dp/Hdmi",195989.0,mexx,https://www.mexx.com.ar/productos-rubro/monitores/45119-monitor-gamer-24-msi-optix-full-hd-144hz-1ms-freesync-g241-dp-hdmi.html,2023-08-25 15:34:55
243,monitores,"Monitor Led 24"" Acer Full Hd 75Hz 4Ms V247Y",76989.0,mexx,https://www.mexx.com.ar/productos-rubro/monitores/46095-monitor-led-24-acer-full-hd-75hz-4ms-v247y.html,2023-08-25 15:34:55
244,monitores,"Monitor Gamer 24"" Level Up Full Hd 144Hz 1Ms 24-UP5500",147669.0,mexx,https://www.mexx.com.ar/productos-rubro/monitores/44494-monitor-gamer-24-level-up-full-hd-144hz-1ms-24-up5500.html,2023-08-25 15:34:55
245,monitores,"Monitor Gamer 24"" Viewsonic Full Hd IPS 100Hz 1Ms VX2416",130559.0,mexx,https://www.mexx.com.ar/productos-rubro/monitores/45924-monitor-gamer-24-viewsonic-full-hd-ips-100hz-1ms-vx2416.html,2023-08-25 15:34:55
246,monitores,"Monitor Gamer 24"" Viewsonic Full Hd 165Hz 1Ms Dp VX2418-P-MHD",162399.0,mexx,https://www.mexx.com.ar/productos-rubro/monitores/43257-monitor-gamer-24-viewsonic-full-hd-165hz-1ms-dp-vx2418-p-mhd.html,2023-08-25 15:34:55
247,monitores,"Monitor Gamer 25"" Viewsonic Full Hd 360Hz 1Ms IPS  XG251G",577999.0,mexx,https://www.mexx.com.ar/productos-rubro/monitores/44244-monitor-gamer-25-viewsonic-full-hd-360hz-1ms-ips-xg251g.html,2023-08-25 15:34:55
248,monitores,"Monitor Gamer 25"" Asus Rog Swift Full Hd 360Hz 1Ms PG259QNR ",602679.0,mexx,https://www.mexx.com.ar/productos-rubro/monitores/44670-monitor-gamer-25-asus-rog-swift-full-hd-360hz-1ms-pg259qnr.html,2023-08-25 15:34:55
249,monitores,"Monitor Gamer 25"" Gigabyte Aorus Full Hd 240Hz 0.4Ms Rgb FI25F",479999.0,mexx,https://www.mexx.com.ar/productos-rubro/monitores/42792-monitor-gamer-25-gigabyte-aorus-full-hd-240hz-0.4ms-rgb-fi25f.html,2023-08-25 15:34:55
250,monitores,"Monitor Gamer 25"" Samsung Plano G4 240Hz 1Ms LS25BG400ELX",243999.0,mexx,https://www.mexx.com.ar/productos-rubro/monitores/44170-monitor-gamer-25-samsung-plano-g4-240hz-1ms-ls25bg400elx.html,2023-08-25 15:34:55
251,monitores,"Monitor Led 26"" LG Full Hd UltraWide 75Hz 5Ms 26WQ500-B",161989.0,mexx,https://www.mexx.com.ar/productos-rubro/monitores/43083-monitor-led-26-lg-full-hd-ultrawide-75hz-5ms-26wq500-b.html,2023-08-25 15:34:55
252,monitores,"Monitor Led 27"" LG Full Hd 75Hz 2Ms FreeSync 27MK400H-B ",127659.0,mexx,https://www.mexx.com.ar/productos-rubro/monitores/36148-monitor-led-27-lg-full-hd-75hz-2ms-freesync-27mk400h-b.html,2023-08-25 15:34:55
253,monitores,"Monitor Led 27"" LG 4K 60Hz 5Ms Freesync 27UL500-W",269999.0,mexx,https://www.mexx.com.ar/productos-rubro/monitores/39741-monitor-led-27-lg-4k-60hz-5ms-freesync-27ul500-w.html,2023-08-25 15:34:55
254,monitores,"Monitor Led 27"" LG QHD 75Hz 5Ms 27QN880-B ",452549.0,mexx,https://www.mexx.com.ar/productos-rubro/monitores/39202-monitor-led-27-lg-qhd-75hz-5ms-27qn880-b.html,2023-08-25 15:34:55
255,monitores,"Monitor Led 27"" Samsung Ultra Hd 60Hz 5Ms 4K A700",316159.0,mexx,https://www.mexx.com.ar/productos-rubro/monitores/42412-monitor-led-27-samsung-ultra-hd-60hz-5ms-4k-a700.html,2023-08-25 15:34:55
256,monitores,"Monitor Gamer 27"" Samsung Plano G4 240Hz 1Ms LS27BG400ELX",300109.0,mexx,https://www.mexx.com.ar/productos-rubro/monitores/44171-monitor-gamer-27-samsung-plano-g4-240hz-1ms-ls27bg400elx.html,2023-08-25 15:34:55
257,monitores,"Monitor Gamer 27"" Level Up Full Hd 165Hz 1Ms 27-UP6580",158879.0,mexx,https://www.mexx.com.ar/productos-rubro/monitores/41513-monitor-gamer-27-level-up-full-hd-165hz-1ms-27-up6580.html,2023-08-25 15:34:55
258,monitores,"Monitor Gamer 27"" Level Up Curvo Full Hd 165Hz 1Ms 27-UP6680",178699.0,mexx,https://www.mexx.com.ar/productos-rubro/monitores/43275-monitor-gamer-27-level-up-curvo-full-hd-165hz-1ms-27-up6680.html,2023-08-25 15:34:55
259,monitores,"Monitor Gamer 27"" Viewsonic Curvo 165Hz 1Ms VX2718-PC-MHD",211999.0,mexx,https://www.mexx.com.ar/productos-rubro/monitores/42601-monitor-gamer-27-viewsonic-curvo-165hz-1ms-vx2718-pc-mhd.html,2023-08-25 15:34:55
260,monitores,"Monitor Gamer 27"" Viewsonic 165Hz 1Ms VX2718-P-MHD",213829.0,mexx,https://www.mexx.com.ar/productos-rubro/monitores/45819-monitor-gamer-27-viewsonic-165hz-1ms-vx2718-p-mhd.html,2023-08-25 15:34:55
261,monitores,"Monitor Gamer 27"" Samsung G3 Full Hd 144Hz 1Ms LS27AG30ANLX",215439.0,mexx,https://www.mexx.com.ar/productos-rubro/monitores/43565-monitor-gamer-27-samsung-g3-full-hd-144hz-1ms-ls27ag30anlx.html,2023-08-25 15:34:55
262,monitores,"Monitor Gamer 27"" Gigabyte IPS 144Hz 1Ms G27F-SA",269999.0,mexx,https://www.mexx.com.ar/productos-rubro/monitores/39583-monitor-gamer-27-gigabyte-ips-144hz-1ms-g27f-sa.html,2023-08-25 15:34:55
263,monitores,"Monitor Gamer 27"" Gigabyte Ips 165Hz 1Ms G27F 2",315999.0,mexx,https://www.mexx.com.ar/productos-rubro/monitores/44415-monitor-gamer-27-gigabyte-ips-165hz-1ms-g27f-2.html,2023-08-25 15:34:55
264,monitores,"Monitor Gamer 27"" Gigabyte Edge Full Hd 144Hz 1Ms M27F KVM",279789.0,mexx,https://www.mexx.com.ar/productos-rubro/monitores/40993-monitor-gamer-27-gigabyte-edge-full-hd-144hz-1ms-m27f-kvm.html,2023-08-25 15:34:55
265,monitores,"Monitor Gamer 27"" Gigabyte Curvo Full Hd 165Hz 1Ms G27FC-SA",303599.0,mexx,https://www.mexx.com.ar/productos-rubro/monitores/39233-monitor-gamer-27-gigabyte-curvo-full-hd-165hz-1ms-g27fc-sa.html,2023-08-25 15:34:55
266,monitores,"Monitor Gamer 27"" LG Full Hd 144Hz 1Ms 27GL650F",267629.0,mexx,https://www.mexx.com.ar/productos-rubro/monitores/37934-monitor-gamer-27-lg-full-hd-144hz-1ms-27gl650f.html,2023-08-25 15:34:55
267,monitores,"Monitor Gamer 27"" LG Full Hd 240Hz 1Ms 27GP750-B",365179.0,mexx,https://www.mexx.com.ar/productos-rubro/monitores/41591-monitor-gamer-27-lg-full-hd-240hz-1ms-27gp750-b.html,2023-08-25 15:34:55
268,monitores,"Monitor Gamer 27"" LG QHD 165Hz 1Ms 27GP850-B",421289.0,mexx,https://www.mexx.com.ar/productos-rubro/monitores/42806-monitor-gamer-27-lg-qhd-165hz-1ms-27gp850-b.html,2023-08-25 15:34:55
269,monitores,"Monitor Gamer 27"" LG UltraGear 4K 144Hz 1Ms 27GP950-B",784929.0,mexx,https://www.mexx.com.ar/productos-rubro/monitores/44402-monitor-gamer-27-lg-ultragear-4k-144hz-1ms-27gp950-b.html,2023-08-25 15:34:55
270,monitores,"Monitor Gamer 27"" Asus Gaming WQHD 170Hz 1Ms VG27AQ1A-J",379999.0,mexx,https://www.mexx.com.ar/productos-rubro/monitores/45920-monitor-gamer-27-asus-gaming-wqhd-170hz-1ms-vg27aq1a-j.html,2023-08-25 15:34:55
271,monitores,"Monitor Gamer 27"" Asus Gaming 165Hz VG278QR",268489.0,mexx,https://www.mexx.com.ar/productos-rubro/monitores/41290-monitor-gamer-27-asus-gaming-165hz-vg278qr.html,2023-08-25 15:34:55
272,monitores,"Monitor Gamer 27"" Asus Gaming Tn Full Hd 144Hz 1Ms VG278Q",249999.0,mexx,https://www.mexx.com.ar/productos-rubro/monitores/42071-monitor-gamer-27-asus-gaming-tn-full-hd-144hz-1ms-vg278q.html,2023-08-25 15:34:55
273,monitores,"Monitor Gamer 27"" Asus Tuf Gaming Curvo 165Hz 1Ms VG27VQ VA",287919.0,mexx,https://www.mexx.com.ar/productos-rubro/monitores/40683-monitor-gamer-27-asus-tuf-gaming-curvo-165hz-1ms-vg27vq-va.html,2023-08-25 15:34:55
274,monitores,"Monitor Gamer 27"" Asus Tuf Gaming Ips 280Hz 1Ms VG279QM-J",442609.0,mexx,https://www.mexx.com.ar/productos-rubro/monitores/44178-monitor-gamer-27-asus-tuf-gaming-ips-280hz-1ms-vg279qm-j.html,2023-08-25 15:34:55
275,monitores,"Monitor Led 28"" LG DualUp Ergo SDQHD 60Hz 5Ms 28MQ780-B",513999.0,mexx,https://www.mexx.com.ar/productos-rubro/monitores/43504-monitor-led-28-lg-dualup-ergo-sdqhd-60hz-5ms-28mq780-b.html,2023-08-25 15:34:55
276,monitores,"Monitor Led 29"" LG Full Hd Ultrawide 75Hz 5Ms 29WQ600-B WFHD",259999.0,mexx,https://www.mexx.com.ar/productos-rubro/monitores/45808-monitor-led-29-lg-full-hd-ultrawide-75hz-5ms-29wq600-b-wfhd.html,2023-08-25 15:34:55
277,monitores,"Monitor Led 32"" LG Full Hd 16:9 IPS 60Hz 5Ms 32MN500M",207999.0,mexx,https://www.mexx.com.ar/productos-rubro/monitores/37936-monitor-led-32-lg-full-hd-16:9-ips-60hz-5ms-32mn500m.html,2023-08-25 15:34:55
278,monitores,"Monitor Led 32"" LG 4K 16:9 60Hz 4Ms Freesync 32UN550",439699.0,mexx,https://www.mexx.com.ar/productos-rubro/monitores/39744-monitor-led-32-lg-4k-16:9-60hz-4ms-freesync-32un550.html,2023-08-25 15:34:55
279,monitores,"Monitor Led 32"" LG 4K 16:9 60Hz 5Ms Freesync 32UN880-B",697259.0,mexx,https://www.mexx.com.ar/productos-rubro/monitores/42121-monitor-led-32-lg-4k-16:9-60hz-5ms-freesync-32un880-b.html,2023-08-25 15:34:55
280,monitores,"Monitor Gamer 32"" LG 4K 144Hz 1Ms UltraGear 32GQ950-B",1120699.0,mexx,https://www.mexx.com.ar/productos-rubro/monitores/44522-monitor-gamer-32-lg-4k-144hz-1ms-ultragear-32gq950-b.html,2023-08-25 15:34:55
281,monitores,"Monitor Led 32"" Asus 4k UHD 60Hz 4Ms VA32UQ",452689.0,mexx,https://www.mexx.com.ar/productos-rubro/monitores/44305-monitor-led-32-asus-4k-uhd-60hz-4ms-va32uq.html,2023-08-25 15:34:55
282,monitores,"Monitor Smart 32"" Samsung 4K 60Hz 5Ms UHD M7 LS32BM700ULXZB",389999.0,mexx,https://www.mexx.com.ar/productos-rubro/monitores/44650-monitor-smart-32-samsung-4k-60hz-5ms-uhd-m7-ls32bm700ulxzb.html,2023-08-25 15:34:55
283,monitores,"Monitor Smart 32"" Samsung M5 Ultra Hd 60Hz 4Ms LS32BM500ELX",214999.0,mexx,https://www.mexx.com.ar/productos-rubro/monitores/44611-monitor-smart-32-samsung-m5-ultra-hd-60hz-4ms-ls32bm500elx.html,2023-08-25 15:34:55
284,monitores,"Monitor Led 32"" Samsung Curvo T550 Full Hd 75Hz 4Ms LC32T550FDLX",250639.0,mexx,https://www.mexx.com.ar/productos-rubro/monitores/42642-monitor-led-32-samsung-curvo-t550-full-hd-75hz-4ms-lc32t550fdlx.html,2023-08-25 15:34:55
285,monitores,"Monitor Gamer 32"" LG QHD 165Hz 1Ms 32GP850-B",555999.0,mexx,https://www.mexx.com.ar/productos-rubro/monitores/42807-monitor-gamer-32-lg-qhd-165hz-1ms-32gp850-b.html,2023-08-25 15:34:55
286,monitores,"Monitor Gamer 32"" LG QHD 165Hz 32GN600",399999.0,mexx,https://www.mexx.com.ar/productos-rubro/monitores/39743-monitor-gamer-32-lg-qhd-165hz-32gn600.html,2023-08-25 15:34:55
287,monitores,"Monitor Gamer 34"" Samsung Ultrawide WQHD Hd 100Hz 5Ms A650",455189.0,mexx,https://www.mexx.com.ar/productos-rubro/monitores/42344-monitor-gamer-34-samsung-ultrawide-wqhd-hd-100hz-5ms-a650.html,2023-08-25 15:34:55
288,monitores,"Monitor Gamer 34"" Samsung Ultrawide G8 QLED 175Hz 1Ms 34BG850SLX",1399979.0,mexx,https://www.mexx.com.ar/productos-rubro/monitores/44651-monitor-gamer-34-samsung-ultrawide-g8-qled-175hz-1ms-34bg850slx.html,2023-08-25 15:34:55
289,monitores,"Monitor Gamer 34"" Asus Ultrawide QHD 100Hz 1Ms VP34CGL ",698999.0,mexx,https://www.mexx.com.ar/productos-rubro/monitores/45820-monitor-gamer-34-asus-ultrawide-qhd-100hz-1ms-vp34cgl.html,2023-08-25 15:34:55
290,monitores,"Monitor Gamer 34"" Viotek Curvo 144Hz GNV34DBE2",569999.0,mexx,https://www.mexx.com.ar/productos-rubro/monitores/41497-monitor-gamer-34-viotek-curvo-144hz-gnv34dbe2.html,2023-08-25 15:34:55
291,monitores,"Monitor Gamer 34"" LG Curvo UltraWide 60Hz 5Ms 34WL85C",630379.0,mexx,https://www.mexx.com.ar/productos-rubro/monitores/40630-monitor-gamer-34-lg-curvo-ultrawide-60hz-5ms-34wl85c.html,2023-08-25 15:34:55
292,monitores,"Monitor Gamer 34"" LG Full Hd Ultrawide 75Hz 5Ms 34WP500-B",339999.0,mexx,https://www.mexx.com.ar/productos-rubro/monitores/43218-monitor-gamer-34-lg-full-hd-ultrawide-75hz-5ms-34wp500-b.html,2023-08-25 15:34:55
293,monitores,"Monitor Gamer 49"" Asus Curvo Rog Strix Super Ultrawide HRD 144Hz 4Ms XG49VQ",1198689.0,mexx,https://www.mexx.com.ar/productos-rubro/monitores/43015-monitor-gamer-49-asus-curvo-rog-strix-super-ultrawide-hrd-144hz-4ms-xg49vq.html,2023-08-25 15:34:55
294,monitores,"Monitor Gamer 49"" Viotek UltraWide Curvo HDR 144Hz 1Ms SUW49CB",999999.0,mexx,https://www.mexx.com.ar/productos-rubro/monitores/43011-monitor-gamer-49-viotek-ultrawide-curvo-hdr-144hz-1ms-suw49cb.html,2023-08-25 15:34:55
295,monitores,"Monitor Led 49"" LG Curvo UltraWide 60Hz 5Ms 49WL95C-WE",1234379.0,mexx,https://www.mexx.com.ar/productos-rubro/monitores/38650-monitor-led-49-lg-curvo-ultrawide-60hz-5ms-49wl95c-we.html,2023-08-25 15:34:55
296,monitores,"Monitor Gamer 55"" Samsung Curvo Odyssey 4K 165Hz 1Ms LS55BG970NL",2299999.0,mexx,https://www.mexx.com.ar/productos-rubro/monitores/44921-monitor-gamer-55-samsung-curvo-odyssey-4k-165hz-1ms-ls55bg970nl.html,2023-08-25 15:34:55
297,outlet,Outlet - Mouse Gamer Redragon M690 Mirage,8499.0,mexx,https://www.mexx.com.ar/productos-rubro/outlet/46065-outlet-mouse-gamer-redragon-m690-mirage.html,2023-08-25 15:34:56
298,outlet,Outlet - Router Tp-Link AC750 Archer C24 Agile Cfa Dual Band,21799.0,mexx,https://www.mexx.com.ar/productos-rubro/outlet/45921-outlet-router-tp-link-ac750-archer-c24-agile-cfa-dual-band.html,2023-08-25 15:34:56
299,outlet,"Outlet - Monitor Gamer 24"" Viewsonic Full Hd 75Hz 2Ms VX2452MH",133579.0,mexx,https://www.mexx.com.ar/productos-rubro/outlet/44135-outlet-monitor-gamer-24-viewsonic-full-hd-75hz-2ms-vx2452mh.html,2023-08-25 15:34:56
300,outlet,"Outlet - Monitor Led 27"" LG Full Hd 75Hz 2Ms FreeSync 27MK400H-B",112999.0,mexx,https://www.mexx.com.ar/productos-rubro/outlet/46007-outlet-monitor-led-27-lg-full-hd-75hz-2ms-freesync-27mk400h-b.html,2023-08-25 15:34:56
301,outlet,Outlet - Impresora Hp Deskjet 2375 Multifuncin,39499.0,mexx,https://www.mexx.com.ar/productos-rubro/outlet/46054-outlet-impresora-hp-deskjet-2375-multifuncin.html,2023-08-25 15:34:56
302,outlet,"Outlet - Monitor Gamer 32"" LG QHD 165Hz 1Ms 32GP850-B",454749.0,mexx,https://www.mexx.com.ar/productos-rubro/outlet/44753-outlet-monitor-gamer-32-lg-qhd-165hz-1ms-32gp850-b.html,2023-08-25 15:34:56
303,outlet,"Outlet - Monitor Gamer 32"" LG QHD 165Hz 32GN600",299999.0,mexx,https://www.mexx.com.ar/productos-rubro/outlet/45005-outlet-monitor-gamer-32-lg-qhd-165hz-32gn600.html,2023-08-25 15:34:56
304,outlet,Outlet - Impresora Hp Smart Tank 515 Continua Multifuncin,163999.0,mexx,https://www.mexx.com.ar/productos-rubro/outlet/45928-outlet-impresora-hp-smart-tank-515-continua-multifuncin.html,2023-08-25 15:34:56
305,outlet,"Outlet - Tablet 7"" X-View Quantum Q7s 64Gb 4Gb Rojo",51999.0,mexx,https://www.mexx.com.ar/productos-rubro/outlet/46062-outlet-tablet-7-x-view-quantum-q7s-64gb-4gb-rojo.html,2023-08-25 15:34:56
306,outlet,Outlet - Termo Elctrico Peabody PE-ET1000N Negro,24799.0,mexx,https://www.mexx.com.ar/productos-rubro/outlet/46123-outlet-termo-elctrico-peabody-pe-et1000n-negro.html,2023-08-25 15:34:56
307,outlet,Outlet - Termo Elctrico Peabody PE-ET1000P Rosa,25499.0,mexx,https://www.mexx.com.ar/productos-rubro/outlet/46074-outlet-termo-elctrico-peabody-pe-et1000p-rosa.html,2023-08-25 15:34:56
308,outlet,Outlet - Termo Elctrico Peabody PE-ET1000V Verde,25499.0,mexx,https://www.mexx.com.ar/productos-rubro/outlet/46055-outlet-termo-elctrico-peabody-pe-et1000v-verde.html,2023-08-25 15:34:56
309,outlet,Outlet - Wafflera Doble Peabody PE-WM187XL,24499.0,mexx,https://www.mexx.com.ar/productos-rubro/outlet/46124-outlet-wafflera-doble-peabody-pe-wm187xl.html,2023-08-25 15:34:56
310,outlet,Outlet - Tostadora Atma 2 Panes Vintage TOAT21VBP Negro,18999.0,mexx,https://www.mexx.com.ar/productos-rubro/outlet/46107-outlet-tostadora-atma-2-panes-vintage-toat21vbp-negro.html,2023-08-25 15:34:56
311,outlet,Outlet - Licuadora Peabody PE-LN601 1.5L,15999.0,mexx,https://www.mexx.com.ar/productos-rubro/outlet/46066-outlet-licuadora-peabody-pe-ln601-1.5l.html,2023-08-25 15:34:56
312,outlet,Outlet - Tostadora Atma 2 Panes Vintage TOAT21VCP Beige,20499.0,mexx,https://www.mexx.com.ar/productos-rubro/outlet/45979-outlet-tostadora-atma-2-panes-vintage-toat21vcp-beige.html,2023-08-25 15:34:56
313,outlet,Outlet - Licuadora Smartlife Sl-BL1402PN 1.75L 1000W Negro,41999.0,mexx,https://www.mexx.com.ar/productos-rubro/outlet/45976-outlet-licuadora-smartlife-sl-bl1402pn-1.75l-1000w-negro.html,2023-08-25 15:34:56
314,outlet,Outlet - Microondas Samsung MG23F3K3TAK Grill 23L Negro,78499.0,mexx,https://www.mexx.com.ar/productos-rubro/outlet/46102-outlet-microondas-samsung-mg23f3k3tak-grill-23l-negro.html,2023-08-25 15:34:56
315,outlet,Outlet - Horno Elctrico Peabody PE-HE6065 60L,49999.0,mexx,https://www.mexx.com.ar/productos-rubro/outlet/46063-outlet-horno-elctrico-peabody-pe-he6065-60l.html,2023-08-25 15:34:56
316,outlet,Outlet - Horno Elctrico Smartlife SL-TOR060PN 60L,48999.0,mexx,https://www.mexx.com.ar/productos-rubro/outlet/46064-outlet-horno-elctrico-smartlife-sl-tor060pn-60l.html,2023-08-25 15:34:56
317,outlet,Outlet - Plancha a Vapor Peabody Ceramica PE-PVC33,11199.0,mexx,https://www.mexx.com.ar/productos-rubro/outlet/46125-outlet-plancha-a-vapor-peabody-ceramica-pe-pvc33.html,2023-08-25 15:34:56
318,outlet,Outlet - Aspiradora Inalmbrica Smartlife Robot SL-RVCV013 Barre Trapea,101999.0,mexx,https://www.mexx.com.ar/productos-rubro/outlet/45283-outlet-aspiradora-inalmbrica-smartlife-robot-sl-rvcv013-barre-trapea.html,2023-08-25 15:34:56
319,outlet,Outlet - Plancha Seca Atma PAS2432PI,10999.0,mexx,https://www.mexx.com.ar/productos-rubro/outlet/46035-outlet-plancha-seca-atma-pas2432pi.html,2023-08-25 15:34:56
