id,category,title,cash_price,link,created_at
0,notebooks,Notebook Aiwa Cloudbook CA141-C Intel N4020 4Gb 128Gb 14 w11...,$222449,https://www.venex.com.ar//notebooks/notebook-aiwa-cloudbook-ca141-c-4gb-128gb-14-c-funda.html,2023-08-22 12:52:26
1,notebooks,Notebook Noblex Celeron N4020 4Gb 128Gb 14.1 HD W11,$245459,https://www.venex.com.ar//notebooks/notebook-aiwa-cloudbook-ca141-c-4gb-128gb-14-c-funda.html,2023-08-22 12:52:26
2,notebooks,Notebook Lenovo Ideapad 3 14IGL05 Celeron N4020 4Gb 500Gb 14 HD...,$268449,https://www.venex.com.ar//notebooks/notebook-aiwa-cloudbook-ca141-c-4gb-128gb-14-c-funda.html,2023-08-22 12:52:26
3,notebooks,Lenovo Ideapad 1 14IGL05 Pentium N5030 4gb SSD 256Gb 14 HD Free,$314489,https://www.venex.com.ar//notebooks/notebook-aiwa-cloudbook-ca141-c-4gb-128gb-14-c-funda.html,2023-08-22 12:52:26
4,notebooks,Notebook Noblex Core i3 1115G4 8Gb 256Gb 14.1 FHD W11,$383519,https://www.venex.com.ar//notebooks/notebook-aiwa-cloudbook-ca141-c-4gb-128gb-14-c-funda.html,2023-08-22 12:52:26
5,notebooks,Notebook Asus X515EA i3 1115G4 4Gb SSD 256Gb 15.6 FHD Free,$452549,https://www.venex.com.ar//notebooks/notebook-aiwa-cloudbook-ca141-c-4gb-128gb-14-c-funda.html,2023-08-22 12:52:26
6,notebooks,Notebook Asus X515EA i3 1115G4 8Gb SSD 256Gb 15.6 FHD Free,$460209,https://www.venex.com.ar//notebooks/notebook-aiwa-cloudbook-ca141-c-4gb-128gb-14-c-funda.html,2023-08-22 12:52:26
7,notebooks,Notebook Lenovo Ideapad 1 Ryzen 3 3250U 8Gb SSD 256Gb 14 Free,$460229,https://www.venex.com.ar//notebooks/notebook-aiwa-cloudbook-ca141-c-4gb-128gb-14-c-funda.html,2023-08-22 12:52:26
8,notebooks,Notebook Lenovo V15 i3 10110U 8Gb 1Tb 15.6 Free,$475549,https://www.venex.com.ar//notebooks/notebook-aiwa-cloudbook-ca141-c-4gb-128gb-14-c-funda.html,2023-08-22 12:52:26
9,notebooks,Notebook Lenovo V15 G2 Ryzen 3 5300U 8Gb 1Tb 15.6  FHD Free,$483229,https://www.venex.com.ar//notebooks/notebook-aiwa-cloudbook-ca141-c-4gb-128gb-14-c-funda.html,2023-08-22 12:52:26
10,notebooks,Notebook Bangho Max L5 i3 1115G4 SSD 240Gb 8Gb 15.6 HD Free,$498559,https://www.venex.com.ar//notebooks/notebook-aiwa-cloudbook-ca141-c-4gb-128gb-14-c-funda.html,2023-08-22 12:52:26
11,notebooks,Notebook Lenovo V15 G2 i3 1115G4 8Gb 1Tb 15.6 FHD Free,$498559,https://www.venex.com.ar//notebooks/notebook-aiwa-cloudbook-ca141-c-4gb-128gb-14-c-funda.html,2023-08-22 12:52:26
12,notebooks,Notebook Lenovo V15 G2 Ryzen 3 5300U 8Gb 1Tb SSD M2 240Gb 15.6...,$498559,https://www.venex.com.ar//notebooks/notebook-aiwa-cloudbook-ca141-c-4gb-128gb-14-c-funda.html,2023-08-22 12:52:26
13,notebooks,Notebook Lenovo V15 i3 10110U 8Gb 1Tb SSD M.2 240Gb 15.6 Free,$498559,https://www.venex.com.ar//notebooks/notebook-aiwa-cloudbook-ca141-c-4gb-128gb-14-c-funda.html,2023-08-22 12:52:26
14,notebooks,Notebook Bangho Max L4 i3 1115G4 SSd 240Gb 8Gb 14 HD Free,$506239,https://www.venex.com.ar//notebooks/notebook-aiwa-cloudbook-ca141-c-4gb-128gb-14-c-funda.html,2023-08-22 12:52:26
15,notebooks,Notebook Lenovo Ideapad 1 Ryzen 5 3500U 8Gb SSD 256Gb 14 Free,$506239,https://www.venex.com.ar//notebooks/notebook-aiwa-cloudbook-ca141-c-4gb-128gb-14-c-funda.html,2023-08-22 12:52:26
16,notebooks,Notebook Dell Inspiron 3511 i3 1115G4 4Gb SSD 256Gb 15.6 Free,$521589,https://www.venex.com.ar//notebooks/notebook-aiwa-cloudbook-ca141-c-4gb-128gb-14-c-funda.html,2023-08-22 12:52:26
17,notebooks,Notebook Dell Inpiron 3511 Core i3 1115G4 SSD 256Gb 8Gb 15.6...,$529249,https://www.venex.com.ar//notebooks/notebook-aiwa-cloudbook-ca141-c-4gb-128gb-14-c-funda.html,2023-08-22 12:52:26
18,notebooks,Notebook Lenovo V15 G2 i3 1115G4 8Gb 1Tb SSD M2 240Gb 15.6 Free,$529249,https://www.venex.com.ar//notebooks/notebook-aiwa-cloudbook-ca141-c-4gb-128gb-14-c-funda.html,2023-08-22 12:52:26
19,notebooks,Notebook Lenovo Ideapad 3 14IML05 i5 10210U 8Gb SSD 256gb 14...,$536929,https://www.venex.com.ar//notebooks/notebook-aiwa-cloudbook-ca141-c-4gb-128gb-14-c-funda.html,2023-08-22 12:52:26
20,notebooks,Notebook Bangho Max L4 i5 115567 SSD 240Gb 8gb 14 HD Free,$544589,https://www.venex.com.ar//notebooks/notebook-aiwa-cloudbook-ca141-c-4gb-128gb-14-c-funda.html,2023-08-22 12:52:26
21,notebooks,Notebook Bangho Max L5 Intel Core I5 1135G7 8Gb SSD 240Gb 15.6...,$552269,https://www.venex.com.ar//notebooks/notebook-aiwa-cloudbook-ca141-c-4gb-128gb-14-c-funda.html,2023-08-22 12:52:26
22,notebooks,Notebook Lenovo Ideapad 1 Ryzen 7 3700U 8Gb SSD 512Gb 15.6 Free,$575289,https://www.venex.com.ar//notebooks/notebook-aiwa-cloudbook-ca141-c-4gb-128gb-14-c-funda.html,2023-08-22 12:52:26
23,notebooks,Notebook Bangho Max L5 Intel Core i5 1135G7 SSD 240Gb 8Gb 15.6...,$582949,https://www.venex.com.ar//notebooks/notebook-aiwa-cloudbook-ca141-c-4gb-128gb-14-c-funda.html,2023-08-22 12:52:26
24,notebooks,"Notebook Asus X515EA i5 1135G7 8Gb SSD 256Gb 15.6"" Free",$598289,https://www.venex.com.ar//notebooks/notebook-aiwa-cloudbook-ca141-c-4gb-128gb-14-c-funda.html,2023-08-22 12:52:26
25,notebooks,Notebook Bangho Max L5 i7 1165G7 SSD 480Gb 8Gb 15.6 FHD Free,$605949,https://www.venex.com.ar//notebooks/notebook-aiwa-cloudbook-ca141-c-4gb-128gb-14-c-funda.html,2023-08-22 12:52:26
26,notebooks,Notebook Bangho Bes T4 Intel Core i5 1021U 8Gb SSD 240Gb 14...,$613639,https://www.venex.com.ar//notebooks/notebook-aiwa-cloudbook-ca141-c-4gb-128gb-14-c-funda.html,2023-08-22 12:52:26
27,notebooks,Notebook Dell Inspiron 3525 AMD Ryzen 5 5500U 8Gb SSD 256Gb...,$613639,https://www.venex.com.ar//notebooks/notebook-aiwa-cloudbook-ca141-c-4gb-128gb-14-c-funda.html,2023-08-22 12:52:26
28,notebooks,Notebook HP 15-DY2054LA  i5 1135G7 8Gb SSD 256Gb 15.6 W11,$613639,https://www.venex.com.ar//notebooks/notebook-aiwa-cloudbook-ca141-c-4gb-128gb-14-c-funda.html,2023-08-22 12:52:26
29,notebooks,Notebook Dell Inspiron 3520 Intel Core i5 1135G7 8Gb SSD 256Gb...,$653519,https://www.venex.com.ar//notebooks/notebook-aiwa-cloudbook-ca141-c-4gb-128gb-14-c-funda.html,2023-08-22 12:52:26
30,notebooks,Notebook HP 15TDW300 Intel Core i5 1135G7 8Gb SSD 256Gb 15.6 HD...,$659649,https://www.venex.com.ar//notebooks/notebook-aiwa-cloudbook-ca141-c-4gb-128gb-14-c-funda.html,2023-08-22 12:52:26
31,notebooks,Notebook Dell Inspiron 3511 i5 1135G7 8Gb SSD 256Gb 15.6 Free,$667329,https://www.venex.com.ar//notebooks/notebook-aiwa-cloudbook-ca141-c-4gb-128gb-14-c-funda.html,2023-08-22 12:52:26
32,notebooks,Notebook Bangho Max L5 i7 1165G7 SSD 480Gb 8Gb 15.6 FHD W11,$674999,https://www.venex.com.ar//notebooks/notebook-aiwa-cloudbook-ca141-c-4gb-128gb-14-c-funda.html,2023-08-22 12:52:26
33,notebooks,Notebook Dell Inspiron 3511 i5 1135G7 16Gb SSD 256Gb 15.6 Free,$690329,https://www.venex.com.ar//notebooks/notebook-aiwa-cloudbook-ca141-c-4gb-128gb-14-c-funda.html,2023-08-22 12:52:26
34,notebooks,Notebook HP Pavilon i5 1135G7 8Gb SSD 256Gb + 16Gb Optane 13...,$690329,https://www.venex.com.ar//notebooks/notebook-aiwa-cloudbook-ca141-c-4gb-128gb-14-c-funda.html,2023-08-22 12:52:26
35,notebooks,Notebook Lenovo V15 G2 Ryzen 7 5700U 8Gb SSD 256Gb 15.6 FHD...,$705679,https://www.venex.com.ar//notebooks/notebook-aiwa-cloudbook-ca141-c-4gb-128gb-14-c-funda.html,2023-08-22 12:52:26
36,notebooks,"Notebook Asus X515EA i7 1165G7 8Gb SSD512Gb 15.6"" FHD Free",$721009,https://www.venex.com.ar//notebooks/notebook-aiwa-cloudbook-ca141-c-4gb-128gb-14-c-funda.html,2023-08-22 12:52:26
37,notebooks,Notebook Lenovo V15 G2 Ryzen 7 5700U 16Gb SSD 256Gb 15.6 FHD...,$721009,https://www.venex.com.ar//notebooks/notebook-aiwa-cloudbook-ca141-c-4gb-128gb-14-c-funda.html,2023-08-22 12:52:26
38,notebooks,Notebook Lenovo V15 G2 i5 1135G7 8Gb SSD 256Gb 15.6 Free,$744029,https://www.venex.com.ar//notebooks/notebook-aiwa-cloudbook-ca141-c-4gb-128gb-14-c-funda.html,2023-08-22 12:52:26
39,notebooks,Notebook Asus X515EA i7 1165G7 8Gb SSD 512Gb 15.6 W11,$751689,https://www.venex.com.ar//notebooks/notebook-aiwa-cloudbook-ca141-c-4gb-128gb-14-c-funda.html,2023-08-22 12:52:26
40,notebooks,Notebook HP 15DY2033 Intel Core i7 1165G7 8Gb SSD 256Gb 15.6...,$751689,https://www.venex.com.ar//notebooks/notebook-aiwa-cloudbook-ca141-c-4gb-128gb-14-c-funda.html,2023-08-22 12:52:26
41,notebooks,Notebook XPG Xenia 14 i5 1135G7 Iris XE SSD 512Gb NVME 16Gb 14...,$759389,https://www.venex.com.ar//notebooks/notebook-aiwa-cloudbook-ca141-c-4gb-128gb-14-c-funda.html,2023-08-22 12:52:26
42,notebooks,Notebook Lenovo L15 G3 Ryzen 5 5625U 8Gb SSD 256Gb 15.6 FHD...,$767039,https://www.venex.com.ar//notebooks/notebook-aiwa-cloudbook-ca141-c-4gb-128gb-14-c-funda.html,2023-08-22 12:52:26
43,notebooks,Notebook Asus Zenbook 14 UM425QA-KI164W Ryzen 5 5600H 8Gb SSD...,$797739,https://www.venex.com.ar//notebooks/notebook-aiwa-cloudbook-ca141-c-4gb-128gb-14-c-funda.html,2023-08-22 12:52:26
44,notebooks,Notebook Lenovo V15 G2 i5 1135G7 16Gb SSD 256Gb 15.6 Free,$797739,https://www.venex.com.ar//notebooks/notebook-aiwa-cloudbook-ca141-c-4gb-128gb-14-c-funda.html,2023-08-22 12:52:26
45,notebooks,Notebook Lenovo V15 G2 i7 1165G7 8Gb 1Tb 15.6 Free2,$813059,https://www.venex.com.ar//notebooks/notebook-aiwa-cloudbook-ca141-c-4gb-128gb-14-c-funda.html,2023-08-22 12:52:26
46,notebooks,Notebook Lenovo V15 G2 i7 1165G7 16Gb 1Tb SSD 240Gb 15.6 Free,$851409,https://www.venex.com.ar//notebooks/notebook-aiwa-cloudbook-ca141-c-4gb-128gb-14-c-funda.html,2023-08-22 12:52:26
47,notebooks,Notebook Lenovo Thinkpad L15 G3 Ryzen 7 5825U 8Gb SSD 512Gb...,$912779,https://www.venex.com.ar//notebooks/notebook-aiwa-cloudbook-ca141-c-4gb-128gb-14-c-funda.html,2023-08-22 12:52:26
48,notebooks,Notebook Bangho Game Master 15Z12 i5 12500H 16Gb 1Tb GTX 1650...,$920459,https://www.venex.com.ar//notebooks/notebook-aiwa-cloudbook-ca141-c-4gb-128gb-14-c-funda.html,2023-08-22 12:52:26
49,notebooks,Notebook Lenovo Thinkpad E15 G3 Ryzen 7 5700U 8Gb SSD 256Gb...,$989489,https://www.venex.com.ar//notebooks/notebook-aiwa-cloudbook-ca141-c-4gb-128gb-14-c-funda.html,2023-08-22 12:52:26
50,notebooks,Notebook Asus TUF Gaming F15 FX506LHB-HN324W i5 10300H SSD...,$994109,https://www.venex.com.ar//notebooks/notebook-aiwa-cloudbook-ca141-c-4gb-128gb-14-c-funda.html,2023-08-22 12:52:26
51,notebooks,Notebook Bangho Game MAster 15Z12 Core i5 12500H 16Gb 1Tb GTX...,$1012499,https://www.venex.com.ar//notebooks/notebook-aiwa-cloudbook-ca141-c-4gb-128gb-14-c-funda.html,2023-08-22 12:52:26
52,notebooks,Notebook Lenovo Thinkpad E14 G2 Core i7 1165G7 8Gb SSD 256Gb 14...,$1058519,https://www.venex.com.ar//notebooks/notebook-aiwa-cloudbook-ca141-c-4gb-128gb-14-c-funda.html,2023-08-22 12:52:26
53,notebooks,Notebook Bangho Game Master 15Z12 Core i5 12500H 16Gb SSD 1Tb...,$1081539,https://www.venex.com.ar//notebooks/notebook-aiwa-cloudbook-ca141-c-4gb-128gb-14-c-funda.html,2023-08-22 12:52:26
54,notebooks,Notebook Asus TUF Gaming A15 FA506ICB-HN118W Ryzen 7 4800H 16Gb...,$1276389,https://www.venex.com.ar//notebooks/notebook-aiwa-cloudbook-ca141-c-4gb-128gb-14-c-funda.html,2023-08-22 12:52:26
55,notebooks,Notebook Bangho Game Master 15Z12 i7 12700H 32Gb SSD 2Tb RTX...,$1457399,https://www.venex.com.ar//notebooks/notebook-aiwa-cloudbook-ca141-c-4gb-128gb-14-c-funda.html,2023-08-22 12:52:26
56,notebooks,Notebook Apple Macbook AIR M1 13 8Gb 512Gb Silver,$1457409,https://www.venex.com.ar//notebooks/notebook-aiwa-cloudbook-ca141-c-4gb-128gb-14-c-funda.html,2023-08-22 12:52:26
57,notebooks,Notebook Gigabyte G5 15 i5 12500H 16Gb SSD NVME 512Gb RTX 3060...,$1499999,https://www.venex.com.ar//notebooks/notebook-aiwa-cloudbook-ca141-c-4gb-128gb-14-c-funda.html,2023-08-22 12:52:26
58,notebooks,Notebook Apple Macbook Air M1 13 8Gb 512Gb Space Grey,$1510339,https://www.venex.com.ar//notebooks/notebook-aiwa-cloudbook-ca141-c-4gb-128gb-14-c-funda.html,2023-08-22 12:52:26
59,notebooks,Notebook Asus ROG Zephyrus G14 GA401IHR-K2053T IHR Ryzen 7...,$1534109,https://www.venex.com.ar//notebooks/notebook-aiwa-cloudbook-ca141-c-4gb-128gb-14-c-funda.html,2023-08-22 12:52:26
60,notebooks,Notebook Bangho Game Master 15Z12 Core i7 12700H 32Gb SSD 2Tb...,$1558659,https://www.venex.com.ar//notebooks/notebook-aiwa-cloudbook-ca141-c-4gb-128gb-14-c-funda.html,2023-08-22 12:52:26
61,notebooks,Notebook Apple MacBook Pro M1 13 Inches 8Gb 256Gb Space Grey,$1603159,https://www.venex.com.ar//notebooks/notebook-aiwa-cloudbook-ca141-c-4gb-128gb-14-c-funda.html,2023-08-22 12:52:26
62,notebooks,Notebook Apple Macbook Pro M1 13 8Gb 512Gb Space Grey,$1670669,https://www.venex.com.ar//notebooks/notebook-aiwa-cloudbook-ca141-c-4gb-128gb-14-c-funda.html,2023-08-22 12:52:26
63,notebooks,Notebook Asus Zenbook Duo 14 UX482EGR-KA337W Core i7 1195G7...,$1687519,https://www.venex.com.ar//notebooks/notebook-aiwa-cloudbook-ca141-c-4gb-128gb-14-c-funda.html,2023-08-22 12:52:26
64,notebooks,Notebook Gigabyte Aero 16 KE5 i7 12700H 16Gb SSD 1Tb RTX 3060P...,$1917659,https://www.venex.com.ar//notebooks/notebook-aiwa-cloudbook-ca141-c-4gb-128gb-14-c-funda.html,2023-08-22 12:52:26
65,notebooks,Notebook Gigabyte Aorus 17G i7 11800H RTX 3070 16Gb SSD 512Gb...,$2041919,https://www.venex.com.ar//notebooks/notebook-aiwa-cloudbook-ca141-c-4gb-128gb-14-c-funda.html,2023-08-22 12:52:26
66,notebooks,Notebook Gigabyte Aero 5 KE4 i7 12700H 16Gb SSD 1Tb RTX 3060...,$2100959,https://www.venex.com.ar//notebooks/notebook-aiwa-cloudbook-ca141-c-4gb-128gb-14-c-funda.html,2023-08-22 12:52:26
67,notebooks,Notebook Gigabyte Aero 17 XE5 12700H 16Gb DDR5 NVME 1Tb + 1Tb...,$2227549,https://www.venex.com.ar//notebooks/notebook-aiwa-cloudbook-ca141-c-4gb-128gb-14-c-funda.html,2023-08-22 12:52:26
68,notebooks,Notebook Gigabyte Aorus 5 SE4 i7 12700H 16Gb SSD 512Gb RTX 3070...,$2227549,https://www.venex.com.ar//notebooks/notebook-aiwa-cloudbook-ca141-c-4gb-128gb-14-c-funda.html,2023-08-22 12:52:26
69,notebooks,Notebook Gigabyte Aorus 17 XE5 i7 12700H 16Gb SSD 1Tb RTX...,$2278169,https://www.venex.com.ar//notebooks/notebook-aiwa-cloudbook-ca141-c-4gb-128gb-14-c-funda.html,2023-08-22 12:52:26
70,notebooks,Notebook Gigabyte Aorus 5 KE4 i7 12700H 16Gb SSD 1Tb RTX 3060...,$2312099,https://www.venex.com.ar//notebooks/notebook-aiwa-cloudbook-ca141-c-4gb-128gb-14-c-funda.html,2023-08-22 12:52:26
71,notebooks,Notebook Gigabyte Aero 16 KE5 i7 12700H 16Gb SSD 1Tb RTX 3070Ti...,$2362549,https://www.venex.com.ar//notebooks/notebook-aiwa-cloudbook-ca141-c-4gb-128gb-14-c-funda.html,2023-08-22 12:52:26
72,notebooks,Notebook Gigabyte Aorus 15 XE4 i7 12700H 16Gb SSD NVME 1Tb RTX...,$2430059,https://www.venex.com.ar//notebooks/notebook-aiwa-cloudbook-ca141-c-4gb-128gb-14-c-funda.html,2023-08-22 12:52:26
73,notebooks,Notebook Gigabyte Aero XE5 i7 12700H 16Gb SSD 1Tb + 1Tb RTX...,$2446919,https://www.venex.com.ar//notebooks/notebook-aiwa-cloudbook-ca141-c-4gb-128gb-14-c-funda.html,2023-08-22 12:52:26
74,notebooks,Notebook Gigabyte Aero 17 KE5 i7 12700H 16Gb SSD NVME 1Tb RTX...,$2480689,https://www.venex.com.ar//notebooks/notebook-aiwa-cloudbook-ca141-c-4gb-128gb-14-c-funda.html,2023-08-22 12:52:26
75,monitores,Espuma De Limpieza Para Monitores y Otros,$4599,https://www.venex.com.ar//monitores/espuma-de-limpieza-para-monitores-y-otros.html,2023-08-22 12:52:27
76,monitores,Monitor LG Led 19 19M38A-B,$63519,https://www.venex.com.ar//monitores/espuma-de-limpieza-para-monitores-y-otros.html,2023-08-22 12:52:27
77,monitores,Monitor 19 Philips 193V5LHSB2/55 HDMI HD 60Hz,$73609,https://www.venex.com.ar//monitores/espuma-de-limpieza-para-monitores-y-otros.html,2023-08-22 12:52:27
78,monitores,Monitor 20 Led LG 20MK400H-B Hdmi HD,$85469,https://www.venex.com.ar//monitores/espuma-de-limpieza-para-monitores-y-otros.html,2023-08-22 12:52:27
79,monitores,Monitor 22 Philips 221V8/77 FHD 75Hz,$92029,https://www.venex.com.ar//monitores/espuma-de-limpieza-para-monitores-y-otros.html,2023-08-22 12:52:27
80,monitores,Monitor 24 Noblex  91MK24X7100 FHD 75Hz IPS,$98179,https://www.venex.com.ar//monitores/espuma-de-limpieza-para-monitores-y-otros.html,2023-08-22 12:52:27
81,monitores,Monitor 22 LED LG 22MP410-B HDMI,$100479,https://www.venex.com.ar//monitores/espuma-de-limpieza-para-monitores-y-otros.html,2023-08-22 12:52:27
82,monitores,Monitor 24 Philips 241V8L/77 VA FHD 75Hz,$101229,https://www.venex.com.ar//monitores/espuma-de-limpieza-para-monitores-y-otros.html,2023-08-22 12:52:27
83,monitores,Monitor 24 Hikivision DS-D5024FN TFT FHD 60Hz,$101239,https://www.venex.com.ar//monitores/espuma-de-limpieza-para-monitores-y-otros.html,2023-08-22 12:52:27
84,monitores,Monitor 24 LED LG 24MK430H-B Full HD 75Hz,$106259,https://www.venex.com.ar//monitores/espuma-de-limpieza-para-monitores-y-otros.html,2023-08-22 12:52:27
85,monitores,Monitor 22 Asus VP228HE-J TN FHD 60Hz,$107359,https://www.venex.com.ar//monitores/espuma-de-limpieza-para-monitores-y-otros.html,2023-08-22 12:52:27
86,monitores,Monitor 19 Samsung LED S33A,$109559,https://www.venex.com.ar//monitores/espuma-de-limpieza-para-monitores-y-otros.html,2023-08-22 12:52:27
87,monitores,Monitor 22 Lcd Lg 22BK55WY-B Wide,$110449,https://www.venex.com.ar//monitores/espuma-de-limpieza-para-monitores-y-otros.html,2023-08-22 12:52:27
88,monitores,Monitor 22 Hikvision FHD 5022 HDMI,$113509,https://www.venex.com.ar//monitores/espuma-de-limpieza-para-monitores-y-otros.html,2023-08-22 12:52:27
89,monitores,Monitor 22 Led Samsung T350 FHD IPS 5ms HDMI VGA 75Hz,$125999,https://www.venex.com.ar//monitores/espuma-de-limpieza-para-monitores-y-otros.html,2023-08-22 12:52:27
90,monitores,"Monitor 22"" LG 22MK600M FHD IPS 75Hz 5Ms",$127049,https://www.venex.com.ar//monitores/espuma-de-limpieza-para-monitores-y-otros.html,2023-08-22 12:52:27
91,monitores,Monitor 27 E-View 271AXA VGA/HDMI FHD 60Hz,$134989,https://www.venex.com.ar//monitores/espuma-de-limpieza-para-monitores-y-otros.html,2023-08-22 12:52:27
92,monitores,Monitor 24 LED Samsung T350 FHD IPS 5Ms 75Hz,$136499,https://www.venex.com.ar//monitores/espuma-de-limpieza-para-monitores-y-otros.html,2023-08-22 12:52:27
93,monitores,Monitor 27 Hikivision DS-D5027FN TFT FHD 60Hz,$138059,https://www.venex.com.ar//monitores/espuma-de-limpieza-para-monitores-y-otros.html,2023-08-22 12:52:27
94,monitores,Monitor 24 Led LG 24MK600M Hdmi IPS FHD 75Hz,$138599,https://www.venex.com.ar//monitores/espuma-de-limpieza-para-monitores-y-otros.html,2023-08-22 12:52:27
95,monitores,Monitor 27 Philips 272V8LA/5 VA FHD 75Hz,$144179,https://www.venex.com.ar//monitores/espuma-de-limpieza-para-monitores-y-otros.html,2023-08-22 12:52:27
96,monitores,Monitor 27 Led LG 27MK400H-B HDMI,$151869,https://www.venex.com.ar//monitores/espuma-de-limpieza-para-monitores-y-otros.html,2023-08-22 12:52:27
97,monitores,Monitor 24 Asus VA24EHE-J IPS FHD 75Hz,$153389,https://www.venex.com.ar//monitores/espuma-de-limpieza-para-monitores-y-otros.html,2023-08-22 12:52:27
98,monitores,Monitor 26 LG LED 26WQ500-B Ultrawide 75Hz,$172199,https://www.venex.com.ar//monitores/espuma-de-limpieza-para-monitores-y-otros.html,2023-08-22 12:52:27
99,monitores,Monitor 24 Led Samsung Curvo Cf390 Full Hd,$175349,https://www.venex.com.ar//monitores/espuma-de-limpieza-para-monitores-y-otros.html,2023-08-22 12:52:27
100,monitores,Monitor 24 Viewsonic VX2416 IPS FHD,$179499,https://www.venex.com.ar//monitores/espuma-de-limpieza-para-monitores-y-otros.html,2023-08-22 12:52:27
101,monitores,Monitor 24 AOC G2490VX 144Hz 1Ms Freesync Negro/Rouge,$184079,https://www.venex.com.ar//monitores/espuma-de-limpieza-para-monitores-y-otros.html,2023-08-22 12:52:27
102,monitores,Monitor 27 Philips Curvo 27E1SCA/55 FHD 75Hz,$184079,https://www.venex.com.ar//monitores/espuma-de-limpieza-para-monitores-y-otros.html,2023-08-22 12:52:27
103,monitores,Monitor 24 LED Samsung G50 FHD Curvo 144Hz,$188999,https://www.venex.com.ar//monitores/espuma-de-limpieza-para-monitores-y-otros.html,2023-08-22 12:52:27
104,monitores,Monitor 24 LG 24GN60R-B IPS FHD 144Hz,$196349,https://www.venex.com.ar//monitores/espuma-de-limpieza-para-monitores-y-otros.html,2023-08-22 12:52:27
105,monitores,Monitor 27 Viewsonic VX27 16 IPS FHD 100Hz,$207099,https://www.venex.com.ar//monitores/espuma-de-limpieza-para-monitores-y-otros.html,2023-08-22 12:52:27
106,monitores,Monitor 27 AOC G2790VX 144Hz Freesync,$214759,https://www.venex.com.ar//monitores/espuma-de-limpieza-para-monitores-y-otros.html,2023-08-22 12:52:27
107,monitores,Monitor 32 LED LG 32MN500M-B FHD,$220499,https://www.venex.com.ar//monitores/espuma-de-limpieza-para-monitores-y-otros.html,2023-08-22 12:52:27
108,monitores,Monitor 24 Viewsonic XG240R TN FHD 144Hz,$223969,https://www.venex.com.ar//monitores/espuma-de-limpieza-para-monitores-y-otros.html,2023-08-22 12:52:27
109,monitores,Monitor 24 MSI Optix G241 FHD IPS 144Hz,$230109,https://www.venex.com.ar//monitores/espuma-de-limpieza-para-monitores-y-otros.html,2023-08-22 12:52:27
110,monitores,Monitor 24 Led Viewsonic VX2458-MHD 144HZ 1Ms,$234719,https://www.venex.com.ar//monitores/espuma-de-limpieza-para-monitores-y-otros.html,2023-08-22 12:52:27
111,monitores,Monitor 24 Asus VG24VQE FHD VA 165Hz,$245449,https://www.venex.com.ar//monitores/espuma-de-limpieza-para-monitores-y-otros.html,2023-08-22 12:52:27
112,monitores,Monitor 29 LG 29WQ600-B IPS WFHD 75Hz Ultrawide,$260799,https://www.venex.com.ar//monitores/espuma-de-limpieza-para-monitores-y-otros.html,2023-08-22 12:52:27
113,monitores,Monitor 32 Samsung LED Flat Smart Tv M5,$260799,https://www.venex.com.ar//monitores/espuma-de-limpieza-para-monitores-y-otros.html,2023-08-22 12:52:27
114,monitores,Monitor 27 Samsung LED Oddyssey G3 FHD 144Hz,$267749,https://www.venex.com.ar//monitores/espuma-de-limpieza-para-monitores-y-otros.html,2023-08-22 12:52:27
115,monitores,Monitor 27 Viewsonic Omni Curvo FHD 1Ms 165Hz,$268459,https://www.venex.com.ar//monitores/espuma-de-limpieza-para-monitores-y-otros.html,2023-08-22 12:52:27
116,monitores,"Monitor 27"" LED LG 27GL650F FHD IPS 144HZ",$270269,https://www.venex.com.ar//monitores/espuma-de-limpieza-para-monitores-y-otros.html,2023-08-22 12:52:27
117,monitores,Monitor 24 Gigabyte G24F 2 IPS FHD 165Hz,$276129,https://www.venex.com.ar//monitores/espuma-de-limpieza-para-monitores-y-otros.html,2023-08-22 12:52:27
118,monitores,Monitor 27 AOC C27G2ZE/BK 240Hz Curvo,$283789,https://www.venex.com.ar//monitores/espuma-de-limpieza-para-monitores-y-otros.html,2023-08-22 12:52:27
119,monitores,Monitor 27 MSI Optix G2712 FHD IPS 170Hz,$291469,https://www.venex.com.ar//monitores/espuma-de-limpieza-para-monitores-y-otros.html,2023-08-22 12:52:27
120,monitores,Monitor Viewsonic 24 VG2455 Superclear,$299139,https://www.venex.com.ar//monitores/espuma-de-limpieza-para-monitores-y-otros.html,2023-08-22 12:52:27
121,monitores,Monitor 25 Samsung Led Oddyssey G4 240Hz,$299249,https://www.venex.com.ar//monitores/espuma-de-limpieza-para-monitores-y-otros.html,2023-08-22 12:52:27
122,monitores,Monitor 27 Led LG 27UL500-W 4K UHD Freesync IPS 10 BIT 60Hz,$306069,https://www.venex.com.ar//monitores/espuma-de-limpieza-para-monitores-y-otros.html,2023-08-22 12:52:27
123,monitores,Monitor 24 Led Viewsonic XG2405 1Ms 144Hz,$306819,https://www.venex.com.ar//monitores/espuma-de-limpieza-para-monitores-y-otros.html,2023-08-22 12:52:27
124,monitores,Monitor 27 MSI Optix G271C Curvo VA 165Hz,$306819,https://www.venex.com.ar//monitores/espuma-de-limpieza-para-monitores-y-otros.html,2023-08-22 12:52:27
125,monitores,Monitor 24 Viewsonic Omni XG2431 HDR400 240hz FHD,$308359,https://www.venex.com.ar//monitores/espuma-de-limpieza-para-monitores-y-otros.html,2023-08-22 12:52:27
126,monitores,Monitor 32 LED Samsung T550 Curvo FHD 1000R 75Hz,$312899,https://www.venex.com.ar//monitores/espuma-de-limpieza-para-monitores-y-otros.html,2023-08-22 12:52:27
127,monitores,Monitor 27 Gigabyte G27FC-Sa VA FHD 165Hz,$329809,https://www.venex.com.ar//monitores/espuma-de-limpieza-para-monitores-y-otros.html,2023-08-22 12:52:27
128,monitores,Monitor 27 Viewsonic Omni Vx2718-2KPC-MHD Curvo 1440P 165Hz QHD,$329839,https://www.venex.com.ar//monitores/espuma-de-limpieza-para-monitores-y-otros.html,2023-08-22 12:52:27
129,monitores,Monitor 27 Gigabyte G27F 2 IPS FHD 1Ms 175Hz,$334409,https://www.venex.com.ar//monitores/espuma-de-limpieza-para-monitores-y-otros.html,2023-08-22 12:52:27
130,monitores,Monitor 27 Samsung Led Oddyssey G4 240Hz,$335999,https://www.venex.com.ar//monitores/espuma-de-limpieza-para-monitores-y-otros.html,2023-08-22 12:52:27
131,monitores,Monitor 27 Gigabyte M27F A FHD KVM HDR 165Hz,$337489,https://www.venex.com.ar//monitores/espuma-de-limpieza-para-monitores-y-otros.html,2023-08-22 12:52:27
132,monitores,Monitor 27 Viewsonic XG2705 IPS 144hz 1ms,$337499,https://www.venex.com.ar//monitores/espuma-de-limpieza-para-monitores-y-otros.html,2023-08-22 12:52:27
133,monitores,Monitor 34 LG 34WP500-B IPS WFHD 75Hz Ultrawide HDR10,$346499,https://www.venex.com.ar//monitores/espuma-de-limpieza-para-monitores-y-otros.html,2023-08-22 12:52:27
134,monitores,Monitor 27 LED LG 27GP750-B WIDE 240Hz IPS 1ms,$354579,https://www.venex.com.ar//monitores/espuma-de-limpieza-para-monitores-y-otros.html,2023-08-22 12:52:27
135,monitores,Monitor 24 Dell P2422HE FHD USB C,$360509,https://www.venex.com.ar//monitores/espuma-de-limpieza-para-monitores-y-otros.html,2023-08-22 12:52:27
136,monitores,Monitor 27 Samsung Viewfinity S6 IPS QHD 75Hz USB-C,$377999,https://www.venex.com.ar//monitores/espuma-de-limpieza-para-monitores-y-otros.html,2023-08-22 12:52:27
137,monitores,Monitor 27 Zowie XL2731K LED,$398859,https://www.venex.com.ar//monitores/espuma-de-limpieza-para-monitores-y-otros.html,2023-08-22 12:52:27
138,monitores,Monitor 32 Led Samsung LS32AG550ELX Curvo Gamer 165Hz,$398999,https://www.venex.com.ar//monitores/espuma-de-limpieza-para-monitores-y-otros.html,2023-08-22 12:52:27
139,monitores,Monitor 25 Viewsonic Elite XG250 280Hz 1Ms FHD HDR400 GSYNC,$404999,https://www.venex.com.ar//monitores/espuma-de-limpieza-para-monitores-y-otros.html,2023-08-22 12:52:27
140,monitores,Monitor 32 LG 32GN600 QHD LED 165Hz,$408069,https://www.venex.com.ar//monitores/espuma-de-limpieza-para-monitores-y-otros.html,2023-08-22 12:52:27
141,monitores,Monitor 32 Samsung LED Flat 4K Smart Tv M7,$411149,https://www.venex.com.ar//monitores/espuma-de-limpieza-para-monitores-y-otros.html,2023-08-22 12:52:27
142,monitores,Monitor 24 viewsonic VG2456 IPS FHD Tipo C RJ45,$429549,https://www.venex.com.ar//monitores/espuma-de-limpieza-para-monitores-y-otros.html,2023-08-22 12:52:27
143,monitores,Monitor 27 Viewsonic Elite XG270 IPS FHD 240Hz G-Sync,$444889,https://www.venex.com.ar//monitores/espuma-de-limpieza-para-monitores-y-otros.html,2023-08-22 12:52:27
144,monitores,Monitor 27 Viewsonic Elite XG270QC 165Hz QHD,$444889,https://www.venex.com.ar//monitores/espuma-de-limpieza-para-monitores-y-otros.html,2023-08-22 12:52:27
145,monitores,Monitor 27 LG 27GP850-B IPS QHD 165Hz 10Bit,$449399,https://www.venex.com.ar//monitores/espuma-de-limpieza-para-monitores-y-otros.html,2023-08-22 12:52:27
146,monitores,Monitor 22 Viewsonic TD2230 Tactil Full HD,$498589,https://www.venex.com.ar//monitores/espuma-de-limpieza-para-monitores-y-otros.html,2023-08-22 12:52:27
147,monitores,"Monitor 24,5 Led Zowie XL2546K-B Dark Grey 240Hz",$513919,https://www.venex.com.ar//monitores/espuma-de-limpieza-para-monitores-y-otros.html,2023-08-22 12:52:27
148,monitores,Monitor Samsung 27 S70A 4K HDR10,$524999,https://www.venex.com.ar//monitores/espuma-de-limpieza-para-monitores-y-otros.html,2023-08-22 12:52:27
149,monitores,Monitor 32 LED LG 32GP850-B QHD 165Hz (*180Hz),$575289,https://www.venex.com.ar//monitores/espuma-de-limpieza-para-monitores-y-otros.html,2023-08-22 12:52:27
150,monitores,Monitor 25 Gigabyte FI25F Aorus IPS FHD 240Hz,$613639,https://www.venex.com.ar//monitores/espuma-de-limpieza-para-monitores-y-otros.html,2023-08-22 12:52:27
151,monitores,Monitor 27 Zowie XL2746K LED,$705689,https://www.venex.com.ar//monitores/espuma-de-limpieza-para-monitores-y-otros.html,2023-08-22 12:52:27
152,monitores,Monitor 25 Viewsonic elite XG251G 360Hz HDR400 GSYNC,$721029,https://www.venex.com.ar//monitores/espuma-de-limpieza-para-monitores-y-otros.html,2023-08-22 12:52:27
153,monitores,Monitor 32 Viewsonic Elite XG320Q 175Hz,$822289,https://www.venex.com.ar//monitores/espuma-de-limpieza-para-monitores-y-otros.html,2023-08-22 12:52:27
154,monitores,Monitor 27 LG 27GP950-B IPS 4K 144Hz,$843759,https://www.venex.com.ar//monitores/espuma-de-limpieza-para-monitores-y-otros.html,2023-08-22 12:52:27
155,monitores,Monitor 32 Viewsonic Elite XG320U 150Hz 4K,$1043209,https://www.venex.com.ar//monitores/espuma-de-limpieza-para-monitores-y-otros.html,2023-08-22 12:52:27
156,monitores,Monitor 32 LG 32GQ950-B 4K IPS QHD 144Hz,$1258949,https://www.venex.com.ar//monitores/espuma-de-limpieza-para-monitores-y-otros.html,2023-08-22 12:52:27
157,monitores,Monitor 34 Samsung LED Oddyssey OLED G8 WQHD 175hz,$1442069,https://www.venex.com.ar//monitores/espuma-de-limpieza-para-monitores-y-otros.html,2023-08-22 12:52:27
158,monitores,Monitor 55 Samsung Odyssey ARK Curvo 1000R 4K 1Ms 165Hz,$2509499,https://www.venex.com.ar//monitores/espuma-de-limpieza-para-monitores-y-otros.html,2023-08-22 12:52:27
209,outlet,Notebook Lenovo V15 G2 i3 1115G4 8Gb 1Tb 15.6...,$498559,https://www.venex.com.ar//notebooks/notebook-lenovo-v15-g2-i3-1115g4-8gb-1tb-15-6-free.html,2023-08-22 12:52:29
210,outlet,Notebook Lenovo V15 G2 i3 1115G4 8Gb 1Tb 15.6...,$498559,https://www.venex.com.ar//notebooks/notebook-lenovo-v15-g2-i3-1115g4-8gb-1tb-15-6-free.html,2023-08-22 12:52:29
211,outlet,Notebook Lenovo V15 G2 i3 1115G4 8Gb 1Tb 15.6...,$498559,https://www.venex.com.ar//notebooks/notebook-lenovo-v15-g2-i3-1115g4-8gb-1tb-15-6-free.html,2023-08-22 12:52:29
212,outlet,Notebook Lenovo V15 G2 i3 1115G4 8Gb 1Tb 15.6...,$498559,https://www.venex.com.ar//notebooks/notebook-lenovo-v15-g2-i3-1115g4-8gb-1tb-15-6-free.html,2023-08-22 12:52:29
213,outlet,Notebook Bangho Game Master 15Z12 i7 12700H...,$1457399,https://www.venex.com.ar//notebooks/notebook-lenovo-v15-g2-i3-1115g4-8gb-1tb-15-6-free.html,2023-08-22 12:52:29
214,outlet,Notebook Bangho Game Master 15Z12 i7 12700H...,$1457399,https://www.venex.com.ar//notebooks/notebook-lenovo-v15-g2-i3-1115g4-8gb-1tb-15-6-free.html,2023-08-22 12:52:29
215,outlet,Notebook Bangho Game Master 15Z12 Core i5...,$1081539,https://www.venex.com.ar//notebooks/notebook-lenovo-v15-g2-i3-1115g4-8gb-1tb-15-6-free.html,2023-08-22 12:52:29
216,outlet,Notebook Bangho Game Master 15Z12 Core i5...,$1081539,https://www.venex.com.ar//notebooks/notebook-lenovo-v15-g2-i3-1115g4-8gb-1tb-15-6-free.html,2023-08-22 12:52:29
217,outlet,Notebook Bangho Game MAster 15Z12 Core i5...,$1012499,https://www.venex.com.ar//notebooks/notebook-lenovo-v15-g2-i3-1115g4-8gb-1tb-15-6-free.html,2023-08-22 12:52:29
218,outlet,Notebook Bangho Game MAster 15Z12 Core i5...,$1012499,https://www.venex.com.ar//notebooks/notebook-lenovo-v15-g2-i3-1115g4-8gb-1tb-15-6-free.html,2023-08-22 12:52:29
222,outlet,Pc Gamer Intel Kairos Pro Core i7 10700F 16gb...,$1072689,https://www.venex.com.ar//notebooks/notebook-lenovo-v15-g2-i3-1115g4-8gb-1tb-15-6-free.html,2023-08-22 12:52:29
223,outlet,Pc Gamer Intel Kairos Pro Core i7 10700F 16gb...,$1072689,https://www.venex.com.ar//notebooks/notebook-lenovo-v15-g2-i3-1115g4-8gb-1tb-15-6-free.html,2023-08-22 12:52:29
224,outlet,Pc Gamer Intel Kairos Pro Core i7 10700F 16gb...,$1072689,https://www.venex.com.ar//notebooks/notebook-lenovo-v15-g2-i3-1115g4-8gb-1tb-15-6-free.html,2023-08-22 12:52:29
225,outlet,Pc Gamer Intel Kairos Pro Core i7 10700F 16gb...,$1072689,https://www.venex.com.ar//notebooks/notebook-lenovo-v15-g2-i3-1115g4-8gb-1tb-15-6-free.html,2023-08-22 12:52:29
226,outlet,Pc Intel Gamer Kairos i5 10400F 16Gb SSD...,$870189,https://www.venex.com.ar//notebooks/notebook-lenovo-v15-g2-i3-1115g4-8gb-1tb-15-6-free.html,2023-08-22 12:52:29
227,outlet,Pc Intel Gamer Kairos i5 10400F 16Gb SSD...,$870189,https://www.venex.com.ar//notebooks/notebook-lenovo-v15-g2-i3-1115g4-8gb-1tb-15-6-free.html,2023-08-22 12:52:29
228,outlet,Pc Intel Celeron Dual Core G5905 SSD 240 +...,$320609,https://www.venex.com.ar//notebooks/notebook-lenovo-v15-g2-i3-1115g4-8gb-1tb-15-6-free.html,2023-08-22 12:52:29
229,outlet,Pc Intel Celeron Dual Core G5905 SSD 240 +...,$320609,https://www.venex.com.ar//notebooks/notebook-lenovo-v15-g2-i3-1115g4-8gb-1tb-15-6-free.html,2023-08-22 12:52:29
230,outlet,Pc AMD Ryzen 7 7700 32Gb SSD 960Gb,$961879,https://www.venex.com.ar//notebooks/notebook-lenovo-v15-g2-i3-1115g4-8gb-1tb-15-6-free.html,2023-08-22 12:52:29
231,outlet,Pc AMD Ryzen 7 7700 32Gb SSD 960Gb,$961879,https://www.venex.com.ar//notebooks/notebook-lenovo-v15-g2-i3-1115g4-8gb-1tb-15-6-free.html,2023-08-22 12:52:29
235,outlet,Disco Solido SSD Lexar 1Tb SL200 Externo,$107379,https://www.venex.com.ar//notebooks/notebook-lenovo-v15-g2-i3-1115g4-8gb-1tb-15-6-free.html,2023-08-22 12:52:29
236,outlet,Disco Solido SSD Lexar 1Tb SL200 Externo,$107379,https://www.venex.com.ar//notebooks/notebook-lenovo-v15-g2-i3-1115g4-8gb-1tb-15-6-free.html,2023-08-22 12:52:29
237,outlet,Disco Solido SSD Lexar 1Tb SL200 Externo,$107379,https://www.venex.com.ar//notebooks/notebook-lenovo-v15-g2-i3-1115g4-8gb-1tb-15-6-free.html,2023-08-22 12:52:29
238,outlet,Disco Solido SSD Lexar 1Tb SL200 Externo,$107379,https://www.venex.com.ar//notebooks/notebook-lenovo-v15-g2-i3-1115g4-8gb-1tb-15-6-free.html,2023-08-22 12:52:29
239,outlet,Disco Solido SSD Lexar 1Tb NM620 M.2 NVME,$75179,https://www.venex.com.ar//notebooks/notebook-lenovo-v15-g2-i3-1115g4-8gb-1tb-15-6-free.html,2023-08-22 12:52:29
240,outlet,Disco Solido SSD Lexar 1Tb NM620 M.2 NVME,$75179,https://www.venex.com.ar//notebooks/notebook-lenovo-v15-g2-i3-1115g4-8gb-1tb-15-6-free.html,2023-08-22 12:52:29
241,outlet,Disco Solido SSD 1Tb Hikvision E1000 M2 NVME,$45999,https://www.venex.com.ar//notebooks/notebook-lenovo-v15-g2-i3-1115g4-8gb-1tb-15-6-free.html,2023-08-22 12:52:29
242,outlet,Disco Solido SSD 1Tb Hikvision E1000 M2 NVME,$45999,https://www.venex.com.ar//notebooks/notebook-lenovo-v15-g2-i3-1115g4-8gb-1tb-15-6-free.html,2023-08-22 12:52:29
243,outlet,Disco Solido 1Tb Hikvision E100 SATA,$45999,https://www.venex.com.ar//notebooks/notebook-lenovo-v15-g2-i3-1115g4-8gb-1tb-15-6-free.html,2023-08-22 12:52:29
244,outlet,Disco Solido 1Tb Hikvision E100 SATA,$45999,https://www.venex.com.ar//notebooks/notebook-lenovo-v15-g2-i3-1115g4-8gb-1tb-15-6-free.html,2023-08-22 12:52:29
251,outlet,Teclado Hyperx Alloy Origins RGB 60 HX Red,$52990,https://www.venex.com.ar//notebooks/notebook-lenovo-v15-g2-i3-1115g4-8gb-1tb-15-6-free.html,2023-08-22 12:52:29
252,outlet,Teclado Hyperx Alloy Origins RGB 60 HX Red,$52990,https://www.venex.com.ar//notebooks/notebook-lenovo-v15-g2-i3-1115g4-8gb-1tb-15-6-free.html,2023-08-22 12:52:29
253,outlet,Teclado Hyperx Alloy Origins RGB 60 HX Red,$52990,https://www.venex.com.ar//notebooks/notebook-lenovo-v15-g2-i3-1115g4-8gb-1tb-15-6-free.html,2023-08-22 12:52:29
254,outlet,Teclado Hyperx Alloy Origins RGB 60 HX Red,$52990,https://www.venex.com.ar//notebooks/notebook-lenovo-v15-g2-i3-1115g4-8gb-1tb-15-6-free.html,2023-08-22 12:52:29
255,outlet,Teclado Hyperx Alloy MKW100 Red Ingles,$40990,https://www.venex.com.ar//notebooks/notebook-lenovo-v15-g2-i3-1115g4-8gb-1tb-15-6-free.html,2023-08-22 12:52:29
256,outlet,Teclado Hyperx Alloy MKW100 Red Ingles,$40990,https://www.venex.com.ar//notebooks/notebook-lenovo-v15-g2-i3-1115g4-8gb-1tb-15-6-free.html,2023-08-22 12:52:29
257,outlet,Mouse Gamer HyperX Pulsefire Surge RGB,$35049,https://www.venex.com.ar//notebooks/notebook-lenovo-v15-g2-i3-1115g4-8gb-1tb-15-6-free.html,2023-08-22 12:52:29
258,outlet,Mouse Gamer HyperX Pulsefire Surge RGB,$35049,https://www.venex.com.ar//notebooks/notebook-lenovo-v15-g2-i3-1115g4-8gb-1tb-15-6-free.html,2023-08-22 12:52:29
259,outlet,Placa De Video Asus Rog Strix Nvidia Geforce...,$1046259,https://www.venex.com.ar//notebooks/notebook-lenovo-v15-g2-i3-1115g4-8gb-1tb-15-6-free.html,2023-08-22 12:52:29
260,outlet,Placa De Video Asus Rog Strix Nvidia Geforce...,$1046259,https://www.venex.com.ar//notebooks/notebook-lenovo-v15-g2-i3-1115g4-8gb-1tb-15-6-free.html,2023-08-22 12:52:29
261,outlet,Microprocesador AMD Ryzen 7 5700g 4.6 Ghz AM4,$219990,https://www.venex.com.ar//notebooks/notebook-lenovo-v15-g2-i3-1115g4-8gb-1tb-15-6-free.html,2023-08-22 12:52:29
262,outlet,Microprocesador AMD Ryzen 7 5700g 4.6 Ghz AM4,$219990,https://www.venex.com.ar//notebooks/notebook-lenovo-v15-g2-i3-1115g4-8gb-1tb-15-6-free.html,2023-08-22 12:52:29
263,outlet,Fuente Gigabyte 750w 80+ Gold Ap750gm Aorus...,$130379,https://www.venex.com.ar//notebooks/notebook-lenovo-v15-g2-i3-1115g4-8gb-1tb-15-6-free.html,2023-08-22 12:52:29
264,outlet,Fuente Gigabyte 750w 80+ Gold Ap750gm Aorus...,$130379,https://www.venex.com.ar//notebooks/notebook-lenovo-v15-g2-i3-1115g4-8gb-1tb-15-6-free.html,2023-08-22 12:52:29
265,outlet,Fuente Corsair 550W CX550F 80+ Bronze Modular...,$52129,https://www.venex.com.ar//notebooks/notebook-lenovo-v15-g2-i3-1115g4-8gb-1tb-15-6-free.html,2023-08-22 12:52:29
266,outlet,Fuente Corsair 550W CX550F 80+ Bronze Modular...,$52129,https://www.venex.com.ar//notebooks/notebook-lenovo-v15-g2-i3-1115g4-8gb-1tb-15-6-free.html,2023-08-22 12:52:29
267,outlet,Teclado Logitech G Pro RGB Lightsync Mech,$105829,https://www.venex.com.ar//notebooks/notebook-lenovo-v15-g2-i3-1115g4-8gb-1tb-15-6-free.html,2023-08-22 12:52:29
268,outlet,Teclado Logitech G Pro RGB Lightsync Mech,$105829,https://www.venex.com.ar//notebooks/notebook-lenovo-v15-g2-i3-1115g4-8gb-1tb-15-6-free.html,2023-08-22 12:52:29
269,outlet,Teclado Logitech G G413 SE Gaming Mecanico...,$62869,https://www.venex.com.ar//notebooks/notebook-lenovo-v15-g2-i3-1115g4-8gb-1tb-15-6-free.html,2023-08-22 12:52:29
270,outlet,Teclado Logitech G G413 SE Gaming Mecanico...,$62869,https://www.venex.com.ar//notebooks/notebook-lenovo-v15-g2-i3-1115g4-8gb-1tb-15-6-free.html,2023-08-22 12:52:29
271,outlet,Teclado Logitech G G413 SE Gaming Mecanico,$64419,https://www.venex.com.ar//notebooks/notebook-lenovo-v15-g2-i3-1115g4-8gb-1tb-15-6-free.html,2023-08-22 12:52:29
272,outlet,Teclado Logitech G G413 SE Gaming Mecanico,$64419,https://www.venex.com.ar//notebooks/notebook-lenovo-v15-g2-i3-1115g4-8gb-1tb-15-6-free.html,2023-08-22 12:52:29
273,outlet,Auricular Inalambrico Loghitech Zone Vibe 100...,$108899,https://www.venex.com.ar//notebooks/notebook-lenovo-v15-g2-i3-1115g4-8gb-1tb-15-6-free.html,2023-08-22 12:52:29
274,outlet,Auricular Inalambrico Loghitech Zone Vibe 100...,$108899,https://www.venex.com.ar//notebooks/notebook-lenovo-v15-g2-i3-1115g4-8gb-1tb-15-6-free.html,2023-08-22 12:52:29
275,outlet,Memoria Ram  Kingston Fury Beast DDR4 8Gb...,$30039,https://www.venex.com.ar//notebooks/notebook-lenovo-v15-g2-i3-1115g4-8gb-1tb-15-6-free.html,2023-08-22 12:52:29
276,outlet,Memoria Ram  Kingston Fury Beast DDR4 8Gb...,$30039,https://www.venex.com.ar//notebooks/notebook-lenovo-v15-g2-i3-1115g4-8gb-1tb-15-6-free.html,2023-08-22 12:52:29
299,outlet,Monopatin Electrico Kany City C85 350W 8,$349999,https://www.venex.com.ar//notebooks/notebook-lenovo-v15-g2-i3-1115g4-8gb-1tb-15-6-free.html,2023-08-22 12:52:29
300,outlet,Monopatin Electrico Kany City C85 350W 8,$349999,https://www.venex.com.ar//notebooks/notebook-lenovo-v15-g2-i3-1115g4-8gb-1tb-15-6-free.html,2023-08-22 12:52:29
301,outlet,Monopatin Electrico Kany City C85 350W 8,$349999,https://www.venex.com.ar//notebooks/notebook-lenovo-v15-g2-i3-1115g4-8gb-1tb-15-6-free.html,2023-08-22 12:52:29
302,outlet,Monopatin Electrico Kany City C85 350W 8,$349999,https://www.venex.com.ar//notebooks/notebook-lenovo-v15-g2-i3-1115g4-8gb-1tb-15-6-free.html,2023-08-22 12:52:29
303,outlet,Tablet Lenovo TAB M10 TB-X505L 32Gb 2Gb LTE,$141139,https://www.venex.com.ar//notebooks/notebook-lenovo-v15-g2-i3-1115g4-8gb-1tb-15-6-free.html,2023-08-22 12:52:29
304,outlet,Tablet Lenovo TAB M10 TB-X505L 32Gb 2Gb LTE,$141139,https://www.venex.com.ar//notebooks/notebook-lenovo-v15-g2-i3-1115g4-8gb-1tb-15-6-free.html,2023-08-22 12:52:29
305,outlet,Drone DJI Flash FPV De Carrera,$1350029,https://www.venex.com.ar//notebooks/notebook-lenovo-v15-g2-i3-1115g4-8gb-1tb-15-6-free.html,2023-08-22 12:52:29
306,outlet,Drone DJI Flash FPV De Carrera,$1350029,https://www.venex.com.ar//notebooks/notebook-lenovo-v15-g2-i3-1115g4-8gb-1tb-15-6-free.html,2023-08-22 12:52:29
307,outlet,Camara IP Ezviz C3TN Exterior Wifi 1080P,$50619,https://www.venex.com.ar//notebooks/notebook-lenovo-v15-g2-i3-1115g4-8gb-1tb-15-6-free.html,2023-08-22 12:52:29
308,outlet,Camara IP Ezviz C3TN Exterior Wifi 1080P,$50619,https://www.venex.com.ar//notebooks/notebook-lenovo-v15-g2-i3-1115g4-8gb-1tb-15-6-free.html,2023-08-22 12:52:29
309,outlet,Impresora 3D Creality Ender 3 V2 Neo DIY Kit...,$361979,https://www.venex.com.ar//notebooks/notebook-lenovo-v15-g2-i3-1115g4-8gb-1tb-15-6-free.html,2023-08-22 12:52:29
310,outlet,Impresora 3D Creality Ender 3 V2 Neo DIY Kit...,$361979,https://www.venex.com.ar//notebooks/notebook-lenovo-v15-g2-i3-1115g4-8gb-1tb-15-6-free.html,2023-08-22 12:52:29
311,placas-de-video,Placa De Video Palit Nvidia GeForce Gt 730 2Gb Ddr3,$84369,https://www.venex.com.ar//componentes-de-pc/placas-de-video/placa-de-video-palit-nvidia-geforce-gt730-2gb-ddr3.html,2023-08-22 12:52:31
312,placas-de-video,Placa De Video Asus Nvidia Gt 1030 Ddr5 2gb,$96179,https://www.venex.com.ar//componentes-de-pc/placas-de-video/placa-de-video-palit-nvidia-geforce-gt730-2gb-ddr3.html,2023-08-22 12:52:31
313,placas-de-video,Placa de Video Powercolor RX550 Low Profile 4Gb GDDR5,$148799,https://www.venex.com.ar//componentes-de-pc/placas-de-video/placa-de-video-palit-nvidia-geforce-gt730-2gb-ddr3.html,2023-08-22 12:52:31
314,placas-de-video,Placa De Video Palit Nvidia GeForce GTX 1050 ti StormX 4Gb...,$230109,https://www.venex.com.ar//componentes-de-pc/placas-de-video/placa-de-video-palit-nvidia-geforce-gt730-2gb-ddr3.html,2023-08-22 12:52:31
315,placas-de-video,Placa de Video Asus Nvidia GeForce Gtx 1650 OC Phoenix 4GB DDR5,$237779,https://www.venex.com.ar//componentes-de-pc/placas-de-video/placa-de-video-palit-nvidia-geforce-gt730-2gb-ddr3.html,2023-08-22 12:52:31
316,placas-de-video,Placa De Video Nvidia GeForce GTX 1650 OC 4G Phoenix GDDR6,$248519,https://www.venex.com.ar//componentes-de-pc/placas-de-video/placa-de-video-palit-nvidia-geforce-gt730-2gb-ddr3.html,2023-08-22 12:52:31
317,placas-de-video,Placa De Video Asus Nvidia Geforce GTX 1660 Super TUF Gaming OC...,$360509,https://www.venex.com.ar//componentes-de-pc/placas-de-video/placa-de-video-palit-nvidia-geforce-gt730-2gb-ddr3.html,2023-08-22 12:52:31
318,placas-de-video,Placa De Video Powercolor AMD Radeon RX 6700 10Gb GDDR6 2235...,$362819,https://www.venex.com.ar//componentes-de-pc/placas-de-video/placa-de-video-palit-nvidia-geforce-gt730-2gb-ddr3.html,2023-08-22 12:52:31
319,placas-de-video,Placa De Video Palit Nvidia GeForce GTX 1660 Ti 6G Dual,$396549,https://www.venex.com.ar//componentes-de-pc/placas-de-video/placa-de-video-palit-nvidia-geforce-gt730-2gb-ddr3.html,2023-08-22 12:52:31
320,placas-de-video,Placa De Video PNY Nvidia Geforce RTX 3050 Dual Verto 4X...,$399999,https://www.venex.com.ar//componentes-de-pc/placas-de-video/placa-de-video-palit-nvidia-geforce-gt730-2gb-ddr3.html,2023-08-22 12:52:31
321,placas-de-video,Placa De Video PNY Nvidia Geforce RTX 3050 Dual Verto 8Gb GDDR6,$399999,https://www.venex.com.ar//componentes-de-pc/placas-de-video/placa-de-video-palit-nvidia-geforce-gt730-2gb-ddr3.html,2023-08-22 12:52:31
322,placas-de-video,Placa De Video Powercolor AMD Radeon RX 6700 XT Red Devil 12Gb,$452559,https://www.venex.com.ar//componentes-de-pc/placas-de-video/placa-de-video-palit-nvidia-geforce-gt730-2gb-ddr3.html,2023-08-22 12:52:31
323,placas-de-video,Placa De Video Palit Nvidia GeForce RTX 3060 Ti Dual 8Gb Gddr6...,$455639,https://www.venex.com.ar//componentes-de-pc/placas-de-video/placa-de-video-palit-nvidia-geforce-gt730-2gb-ddr3.html,2023-08-22 12:52:31
324,placas-de-video,Placa De Video Asus Rog Strix Nvidia Geforce RTX 4070Ti 12Gb...,$1046259,https://www.venex.com.ar//componentes-de-pc/placas-de-video/placa-de-video-palit-nvidia-geforce-gt730-2gb-ddr3.html,2023-08-22 12:52:31
325,placas-de-video,Placa De Video Asus TUF Nvidia GeForce RTX 4070Ti O12gb Gaming,$1096889,https://www.venex.com.ar//componentes-de-pc/placas-de-video/placa-de-video-palit-nvidia-geforce-gt730-2gb-ddr3.html,2023-08-22 12:52:31
326,placas-de-video,Placa De Video Palit Nvidia Geforce RTX 4080 Gamerock 16Gb...,$1198139,https://www.venex.com.ar//componentes-de-pc/placas-de-video/placa-de-video-palit-nvidia-geforce-gt730-2gb-ddr3.html,2023-08-22 12:52:31
327,placas-de-video,Placa De Video Palit Nvidia Geforce RTX 4080 Gamerock OC 16Gb...,$1231899,https://www.venex.com.ar//componentes-de-pc/placas-de-video/placa-de-video-palit-nvidia-geforce-gt730-2gb-ddr3.html,2023-08-22 12:52:31
328,placas-de-video,Placa De Video PNY Nvidia Geforce RTX 4070Ti Verto 12Gb GDDR6X,$1334689,https://www.venex.com.ar//componentes-de-pc/placas-de-video/placa-de-video-palit-nvidia-geforce-gt730-2gb-ddr3.html,2023-08-22 12:52:31
329,placas-de-video,Placa de Video Gigabyte Nvidia GeForce RTX 4080 Eagle 16Gb...,$1620029,https://www.venex.com.ar//componentes-de-pc/placas-de-video/placa-de-video-palit-nvidia-geforce-gt730-2gb-ddr3.html,2023-08-22 12:52:31
330,placas-de-video,Placa De Video Asus Rog Strix Nvidia GeForce RTX 4080 OC 16Gb...,$1771909,https://www.venex.com.ar//componentes-de-pc/placas-de-video/placa-de-video-palit-nvidia-geforce-gt730-2gb-ddr3.html,2023-08-22 12:52:31
331,placas-de-video,Placa De Video Gigabyte Nvidia Geforce RTX 4080 Aero OC 16Gb...,$1788779,https://www.venex.com.ar//componentes-de-pc/placas-de-video/placa-de-video-palit-nvidia-geforce-gt730-2gb-ddr3.html,2023-08-22 12:52:31
332,placas-de-video,Placa De Video PNY Nvidia Geforce RTX 4080 XLR8 Gaming Verto...,$1917659,https://www.venex.com.ar//componentes-de-pc/placas-de-video/placa-de-video-palit-nvidia-geforce-gt730-2gb-ddr3.html,2023-08-22 12:52:31
333,placas-de-video,Placa De Video Palit Nvidia Geforce RTX 4090 Gamerock 24Gb...,$2040389,https://www.venex.com.ar//componentes-de-pc/placas-de-video/placa-de-video-palit-nvidia-geforce-gt730-2gb-ddr3.html,2023-08-22 12:52:31
334,placas-de-video,Placa De Video Palit Nvidia Geforce RTX 4090 Gamerock OC 24Gb...,$2101749,https://www.venex.com.ar//componentes-de-pc/placas-de-video/placa-de-video-palit-nvidia-geforce-gt730-2gb-ddr3.html,2023-08-22 12:52:31
335,placas-de-video,Placa De Video Nvidia Geforce RTX 4090 Gaming Trio 24Gb GDDR6X,$2219099,https://www.venex.com.ar//componentes-de-pc/placas-de-video/placa-de-video-palit-nvidia-geforce-gt730-2gb-ddr3.html,2023-08-22 12:52:31
336,placas-de-video,Placa De Video Asus ROG Strix Nvidia Geforce RTX 4090 24Gb OC...,$2446919,https://www.venex.com.ar//componentes-de-pc/placas-de-video/placa-de-video-palit-nvidia-geforce-gt730-2gb-ddr3.html,2023-08-22 12:52:31
337,placas-de-video,Placa De Video Zotac Nvidia GeForce RTX 4090 AMP White Extreme...,$2446919,https://www.venex.com.ar//componentes-de-pc/placas-de-video/placa-de-video-palit-nvidia-geforce-gt730-2gb-ddr3.html,2023-08-22 12:52:31
338,placas-de-video,Placa De Video Nvidia Geforce RTX 4090 XLR8 Gaming Verto Epic X...,$2531309,https://www.venex.com.ar//componentes-de-pc/placas-de-video/placa-de-video-palit-nvidia-geforce-gt730-2gb-ddr3.html,2023-08-22 12:52:31
339,memorias-ram,Memoria Ram DDR4 4Gb 2666Mhz Corsair Valueselect,$13769,https://www.venex.com.ar//memorias-ram/pc-de-escritorio/memoria-ram-ddr4-4gb-2666mhz-corsair-valueselect.html,2023-08-22 12:52:32
340,memorias-ram,Memoria RAM Crucial DDR4 4Gb 2666Mhz,$15309,https://www.venex.com.ar//memorias-ram/pc-de-escritorio/memoria-ram-ddr4-4gb-2666mhz-corsair-valueselect.html,2023-08-22 12:52:32
341,memorias-ram,Memoria Ram DDR4 4Gb 2666Mhz Adata,$15309,https://www.venex.com.ar//memorias-ram/pc-de-escritorio/memoria-ram-ddr4-4gb-2666mhz-corsair-valueselect.html,2023-08-22 12:52:32
342,memorias-ram,Memoria Ram DDR3L 4Gb 1600Mhz Markvision Bulk,$15339,https://www.venex.com.ar//memorias-ram/pc-de-escritorio/memoria-ram-ddr4-4gb-2666mhz-corsair-valueselect.html,2023-08-22 12:52:32
343,memorias-ram,Memoria RAM Hikvision Sodimm DDR3 4Gb 1600Mhz,$16859,https://www.venex.com.ar//memorias-ram/pc-de-escritorio/memoria-ram-ddr4-4gb-2666mhz-corsair-valueselect.html,2023-08-22 12:52:32
344,memorias-ram,Memoria RAM Patriot Sodimm DDR3 4Gb 1600Mhz,$16859,https://www.venex.com.ar//memorias-ram/pc-de-escritorio/memoria-ram-ddr4-4gb-2666mhz-corsair-valueselect.html,2023-08-22 12:52:32
345,memorias-ram,Memoria Ram Sodimm DDR3 4gb 1600Mhz OEM Bulk,$16859,https://www.venex.com.ar//memorias-ram/pc-de-escritorio/memoria-ram-ddr4-4gb-2666mhz-corsair-valueselect.html,2023-08-22 12:52:32
346,memorias-ram,Memoria Ram DDR3 1600Mhz 4Gb 1600Mhz Adata OEM BULK,$16869,https://www.venex.com.ar//memorias-ram/pc-de-escritorio/memoria-ram-ddr4-4gb-2666mhz-corsair-valueselect.html,2023-08-22 12:52:32
347,memorias-ram,Memoria Ram Notebook Sodimm DDR4 4Gb 2400Mhz Markvision Bulk,$18389,https://www.venex.com.ar//memorias-ram/pc-de-escritorio/memoria-ram-ddr4-4gb-2666mhz-corsair-valueselect.html,2023-08-22 12:52:32
348,memorias-ram,Memoria Ram Notebook Sodimm DDR4 4Gb 2666Mhz Adata 1.35v,$18389,https://www.venex.com.ar//memorias-ram/pc-de-escritorio/memoria-ram-ddr4-4gb-2666mhz-corsair-valueselect.html,2023-08-22 12:52:32
349,memorias-ram,Memoria Ram DDR4 8Gb 2666Mhz Crucial,$21459,https://www.venex.com.ar//memorias-ram/pc-de-escritorio/memoria-ram-ddr4-4gb-2666mhz-corsair-valueselect.html,2023-08-22 12:52:32
350,memorias-ram,Memoria Ram DDR4 8Gb 2666Mhz Patriot Signature CL19,$21459,https://www.venex.com.ar//memorias-ram/pc-de-escritorio/memoria-ram-ddr4-4gb-2666mhz-corsair-valueselect.html,2023-08-22 12:52:32
351,memorias-ram,Memoria Ram Ddr4 8Gb 3200Mhz Patriot SL,$21459,https://www.venex.com.ar//memorias-ram/pc-de-escritorio/memoria-ram-ddr4-4gb-2666mhz-corsair-valueselect.html,2023-08-22 12:52:32
352,memorias-ram,Memoria Ram DDR4 Kingston 4Gb 2666mhz,$21459,https://www.venex.com.ar//memorias-ram/pc-de-escritorio/memoria-ram-ddr4-4gb-2666mhz-corsair-valueselect.html,2023-08-22 12:52:32
353,memorias-ram,Memoria RAM Lexar 8Gb DDR4 3200Mhz,$21459,https://www.venex.com.ar//memorias-ram/pc-de-escritorio/memoria-ram-ddr4-4gb-2666mhz-corsair-valueselect.html,2023-08-22 12:52:32
354,memorias-ram,Memoria Ram Kingston Fury Beast DDR4 8Gb 2666Mhz,$22989,https://www.venex.com.ar//memorias-ram/pc-de-escritorio/memoria-ram-ddr4-4gb-2666mhz-corsair-valueselect.html,2023-08-22 12:52:32
355,memorias-ram,Memoria Ram DDR3 8Gb 1600Mhz Markvision Bulk,$22999,https://www.venex.com.ar//memorias-ram/pc-de-escritorio/memoria-ram-ddr4-4gb-2666mhz-corsair-valueselect.html,2023-08-22 12:52:32
356,memorias-ram,Memoria Ram Notebook DDR3 8Gb 1600Mhz Markvision Bulk,$22999,https://www.venex.com.ar//memorias-ram/pc-de-escritorio/memoria-ram-ddr4-4gb-2666mhz-corsair-valueselect.html,2023-08-22 12:52:32
357,memorias-ram,Memoria Ram Sodimm DDR3 8Gb 1600mhz OEM Bulk,$22999,https://www.venex.com.ar//memorias-ram/pc-de-escritorio/memoria-ram-ddr4-4gb-2666mhz-corsair-valueselect.html,2023-08-22 12:52:32
358,memorias-ram,Memoria Ram DDR4 8Gb 3200Mhz PNY XLR8 Gaming,$24529,https://www.venex.com.ar//memorias-ram/pc-de-escritorio/memoria-ram-ddr4-4gb-2666mhz-corsair-valueselect.html,2023-08-22 12:52:32
359,memorias-ram,Memoria RAM Kingston DDR4 8GB 3200Mhz,$24529,https://www.venex.com.ar//memorias-ram/pc-de-escritorio/memoria-ram-ddr4-4gb-2666mhz-corsair-valueselect.html,2023-08-22 12:52:32
360,memorias-ram,Memoria Ram Kingston Fury Beast DDR4 8Gb 3200Mhz,$24529,https://www.venex.com.ar//memorias-ram/pc-de-escritorio/memoria-ram-ddr4-4gb-2666mhz-corsair-valueselect.html,2023-08-22 12:52:32
361,memorias-ram,Memoria RAM Kingston Sodimm DDR4 4Gb 3200Mhz,$24529,https://www.venex.com.ar//memorias-ram/pc-de-escritorio/memoria-ram-ddr4-4gb-2666mhz-corsair-valueselect.html,2023-08-22 12:52:32
362,memorias-ram,Memoria RAM PNY DDR4 8Gb 3200Mhz XLR8 Gaming Low Profile,$24529,https://www.venex.com.ar//memorias-ram/pc-de-escritorio/memoria-ram-ddr4-4gb-2666mhz-corsair-valueselect.html,2023-08-22 12:52:32
363,memorias-ram,Ddr3 8gb 1600mhz Adata,$24539,https://www.venex.com.ar//memorias-ram/pc-de-escritorio/memoria-ram-ddr4-4gb-2666mhz-corsair-valueselect.html,2023-08-22 12:52:32
364,memorias-ram,Memoria RAM DDR3 8Gb 1600Mhz Patriot,$24539,https://www.venex.com.ar//memorias-ram/pc-de-escritorio/memoria-ram-ddr4-4gb-2666mhz-corsair-valueselect.html,2023-08-22 12:52:32
365,memorias-ram,Memoria Ram Sodimm DDR3 8Gb 1600Mhz Patriot,$24539,https://www.venex.com.ar//memorias-ram/pc-de-escritorio/memoria-ram-ddr4-4gb-2666mhz-corsair-valueselect.html,2023-08-22 12:52:32
366,memorias-ram,Memoria RAM Markvision DDR4 Sodimm 8Gb 3000Mhz Bulk,$25299,https://www.venex.com.ar//memorias-ram/pc-de-escritorio/memoria-ram-ddr4-4gb-2666mhz-corsair-valueselect.html,2023-08-22 12:52:32
367,memorias-ram,Memoria Ram DDR4 8Gb 3200Mhz Adata XPG Gammix D30 Red,$26049,https://www.venex.com.ar//memorias-ram/pc-de-escritorio/memoria-ram-ddr4-4gb-2666mhz-corsair-valueselect.html,2023-08-22 12:52:32
368,memorias-ram,Memoria Ram Ddr4 8Gb 3200Mhz Patriot Viper Steel CL 16,$26049,https://www.venex.com.ar//memorias-ram/pc-de-escritorio/memoria-ram-ddr4-4gb-2666mhz-corsair-valueselect.html,2023-08-22 12:52:32
369,memorias-ram,Memoria Ram Kingston DDR4 8gb 2666mhz,$26049,https://www.venex.com.ar//memorias-ram/pc-de-escritorio/memoria-ram-ddr4-4gb-2666mhz-corsair-valueselect.html,2023-08-22 12:52:32
370,memorias-ram,Memoria Ram 8Gb 3200Mhz Corsair Vengeance LPX Black,$27589,https://www.venex.com.ar//memorias-ram/pc-de-escritorio/memoria-ram-ddr4-4gb-2666mhz-corsair-valueselect.html,2023-08-22 12:52:32
371,memorias-ram,Memoria Ram DDR4 8Gb 3200Mhz Patriot Viper Steel RGB Black CL18,$27589,https://www.venex.com.ar//memorias-ram/pc-de-escritorio/memoria-ram-ddr4-4gb-2666mhz-corsair-valueselect.html,2023-08-22 12:52:32
372,memorias-ram,Memoria Ram Kingston Notebook Sodimm DDR4 8Gb 2666Mhz 1.2v,$28349,https://www.venex.com.ar//memorias-ram/pc-de-escritorio/memoria-ram-ddr4-4gb-2666mhz-corsair-valueselect.html,2023-08-22 12:52:32
373,memorias-ram,Memoria Ram Sodimm Kingston DDR4 8Gb 3200mhz,$28349,https://www.venex.com.ar//memorias-ram/pc-de-escritorio/memoria-ram-ddr4-4gb-2666mhz-corsair-valueselect.html,2023-08-22 12:52:32
374,memorias-ram,Memoria RAM Hikvision DDR4 8Gb 2666Hz,$28649,https://www.venex.com.ar//memorias-ram/pc-de-escritorio/memoria-ram-ddr4-4gb-2666mhz-corsair-valueselect.html,2023-08-22 12:52:32
375,memorias-ram,Memoria Ram DDR4 8Gb 3200Mhz PNY XLR8 RGB Gaming,$28859,https://www.venex.com.ar//memorias-ram/pc-de-escritorio/memoria-ram-ddr4-4gb-2666mhz-corsair-valueselect.html,2023-08-22 12:52:32
376,memorias-ram,Memoria RAM PNY DDR4 8Gb 3200Mhz Silver RGB,$28859,https://www.venex.com.ar//memorias-ram/pc-de-escritorio/memoria-ram-ddr4-4gb-2666mhz-corsair-valueselect.html,2023-08-22 12:52:32
377,memorias-ram,Memoria Ram DDR4 8Gb 3600Mhz Patriot Viper Steel CL18,$29129,https://www.venex.com.ar//memorias-ram/pc-de-escritorio/memoria-ram-ddr4-4gb-2666mhz-corsair-valueselect.html,2023-08-22 12:52:32
378,memorias-ram,Memoria RAM DDR4 Corsair Vengance 8Gb 3600Mhz LPX C18 1x8,$29129,https://www.venex.com.ar//memorias-ram/pc-de-escritorio/memoria-ram-ddr4-4gb-2666mhz-corsair-valueselect.html,2023-08-22 12:52:32
379,memorias-ram,Memoria RAM PNY 8Gb DDR4 3600Mhz RGB,$30019,https://www.venex.com.ar//memorias-ram/pc-de-escritorio/memoria-ram-ddr4-4gb-2666mhz-corsair-valueselect.html,2023-08-22 12:52:32
380,memorias-ram,Memoria RAM PNY DDR4 8Gb 3200Mhz XLR8 RGB Gaming White,$30019,https://www.venex.com.ar//memorias-ram/pc-de-escritorio/memoria-ram-ddr4-4gb-2666mhz-corsair-valueselect.html,2023-08-22 12:52:32
381,memorias-ram,Memoria Ram  Kingston Fury Beast DDR4 8Gb 3200Mhz RGB,$30039,https://www.venex.com.ar//memorias-ram/pc-de-escritorio/memoria-ram-ddr4-4gb-2666mhz-corsair-valueselect.html,2023-08-22 12:52:32
382,memorias-ram,Memoria RAM Adata DDR4 8Gb 3600MHz XPG Gammix D30 Red,$30659,https://www.venex.com.ar//memorias-ram/pc-de-escritorio/memoria-ram-ddr4-4gb-2666mhz-corsair-valueselect.html,2023-08-22 12:52:32
383,memorias-ram,Memoria Ram Ddr4 8Gb 3200Mhz Adata XPG Spectrix D60G RGB,$30659,https://www.venex.com.ar//memorias-ram/pc-de-escritorio/memoria-ram-ddr4-4gb-2666mhz-corsair-valueselect.html,2023-08-22 12:52:32
384,memorias-ram,Memoria Ram DDR4 8Gb 3600Mhz Patriot VIper Steel RGB Black CL20,$30659,https://www.venex.com.ar//memorias-ram/pc-de-escritorio/memoria-ram-ddr4-4gb-2666mhz-corsair-valueselect.html,2023-08-22 12:52:32
385,memorias-ram,Memoria Ram Kingston Fury Beast DDR4 4Gb 2666Mhz CL16,$30659,https://www.venex.com.ar//memorias-ram/pc-de-escritorio/memoria-ram-ddr4-4gb-2666mhz-corsair-valueselect.html,2023-08-22 12:52:32
386,memorias-ram,Memoria Ram Ddr4 8Gb 3000Mhz Corsair Vengeance LPX 1x8,$33719,https://www.venex.com.ar//memorias-ram/pc-de-escritorio/memoria-ram-ddr4-4gb-2666mhz-corsair-valueselect.html,2023-08-22 12:52:32
387,memorias-ram,Memoria Ram Kingston Fury Renegade DDR4 8Gb 3200Mhz RGB,$33719,https://www.venex.com.ar//memorias-ram/pc-de-escritorio/memoria-ram-ddr4-4gb-2666mhz-corsair-valueselect.html,2023-08-22 12:52:32
388,memorias-ram,Memoria Ram DDR4 8GB 3600Mhz Adata XPG Spectrix D60G RGB,$35259,https://www.venex.com.ar//memorias-ram/pc-de-escritorio/memoria-ram-ddr4-4gb-2666mhz-corsair-valueselect.html,2023-08-22 12:52:32
389,memorias-ram,Memoria Ram Kingston Fury Beast DDR4 8Gb 3600Mhz,$35259,https://www.venex.com.ar//memorias-ram/pc-de-escritorio/memoria-ram-ddr4-4gb-2666mhz-corsair-valueselect.html,2023-08-22 12:52:32
390,memorias-ram,Memoria Ram Kingston Fury Beast DDR4 8Gb 3600Mhz RGB,$36809,https://www.venex.com.ar//memorias-ram/pc-de-escritorio/memoria-ram-ddr4-4gb-2666mhz-corsair-valueselect.html,2023-08-22 12:52:32
391,memorias-ram,Memoria Ram Kingston Fury Beast DDR4 8Gb 2666Mhz RGB,$38329,https://www.venex.com.ar//memorias-ram/pc-de-escritorio/memoria-ram-ddr4-4gb-2666mhz-corsair-valueselect.html,2023-08-22 12:52:32
392,memorias-ram,Memoria Ram Kingston Fury Renegade DDR4 8Gb 3600Mhz RGB,$39869,https://www.venex.com.ar//memorias-ram/pc-de-escritorio/memoria-ram-ddr4-4gb-2666mhz-corsair-valueselect.html,2023-08-22 12:52:32
393,memorias-ram,Memoria RAM Adata Soddimm DDR4 16Gb 3200Mhz,$44469,https://www.venex.com.ar//memorias-ram/pc-de-escritorio/memoria-ram-ddr4-4gb-2666mhz-corsair-valueselect.html,2023-08-22 12:52:32
394,memorias-ram,Memoria RAM Patriot Sodimm DDR4 16Gb 3200Mhz,$44469,https://www.venex.com.ar//memorias-ram/pc-de-escritorio/memoria-ram-ddr4-4gb-2666mhz-corsair-valueselect.html,2023-08-22 12:52:32
395,memorias-ram,Memoria Ram DDR4 16Gb 3200Mhz PNY XLR8 Gaming,$45999,https://www.venex.com.ar//memorias-ram/pc-de-escritorio/memoria-ram-ddr4-4gb-2666mhz-corsair-valueselect.html,2023-08-22 12:52:32
396,memorias-ram,Memoria Ram Notebook DDR4 16Gb 2666Mhz Kingston sodimm,$45999,https://www.venex.com.ar//memorias-ram/pc-de-escritorio/memoria-ram-ddr4-4gb-2666mhz-corsair-valueselect.html,2023-08-22 12:52:32
397,memorias-ram,Memoria RAM PNY DDR4 16Gb 3200Mhz XLR8 Gaming Low Profile,$45999,https://www.venex.com.ar//memorias-ram/pc-de-escritorio/memoria-ram-ddr4-4gb-2666mhz-corsair-valueselect.html,2023-08-22 12:52:32
398,memorias-ram,Memoria RAM Adata Sodimm DDR5 8Gb 5600Mhz,$46009,https://www.venex.com.ar//memorias-ram/pc-de-escritorio/memoria-ram-ddr4-4gb-2666mhz-corsair-valueselect.html,2023-08-22 12:52:32
399,memorias-ram,Memoria RAM Adata DDR4 16Gb 3200MHz XPG Gammix D30 Red,$49079,https://www.venex.com.ar//memorias-ram/pc-de-escritorio/memoria-ram-ddr4-4gb-2666mhz-corsair-valueselect.html,2023-08-22 12:52:32
400,memorias-ram,Memoria RAM PNY DDR5 8Gb 4800Mhz Performance,$49649,https://www.venex.com.ar//memorias-ram/pc-de-escritorio/memoria-ram-ddr4-4gb-2666mhz-corsair-valueselect.html,2023-08-22 12:52:32
401,memorias-ram,Memoria Ram DDR4 16Gb 3200Mhz Adata XPG Gammix D30 2x8,$50599,https://www.venex.com.ar//memorias-ram/pc-de-escritorio/memoria-ram-ddr4-4gb-2666mhz-corsair-valueselect.html,2023-08-22 12:52:32
402,memorias-ram,Memoria Ram  Kingston Fury Beast DDR4 16Gb 3200Mhz CL16,$52129,https://www.venex.com.ar//memorias-ram/pc-de-escritorio/memoria-ram-ddr4-4gb-2666mhz-corsair-valueselect.html,2023-08-22 12:52:32
403,memorias-ram,Memoria Ram Ddr4 16Gb 3200Mhz Patriot Viper 4 Blackout CL16 2x8,$52129,https://www.venex.com.ar//memorias-ram/pc-de-escritorio/memoria-ram-ddr4-4gb-2666mhz-corsair-valueselect.html,2023-08-22 12:52:32
404,memorias-ram,Memoria Ram Ddr4 16Gb 3200Mhz Patriot Viper Steel CL16 2x8,$52129,https://www.venex.com.ar//memorias-ram/pc-de-escritorio/memoria-ram-ddr4-4gb-2666mhz-corsair-valueselect.html,2023-08-22 12:52:32
405,memorias-ram,Memoria Ram DDR4 16Gb 3200Mhz Patriot Viper Steel RGB CL18,$52129,https://www.venex.com.ar//memorias-ram/pc-de-escritorio/memoria-ram-ddr4-4gb-2666mhz-corsair-valueselect.html,2023-08-22 12:52:32
406,memorias-ram,Memoria Ram Ddr4 16Gb 3200Mhz PNY XLR8 RGB Gaming,$53119,https://www.venex.com.ar//memorias-ram/pc-de-escritorio/memoria-ram-ddr4-4gb-2666mhz-corsair-valueselect.html,2023-08-22 12:52:32
407,memorias-ram,Memoria RAM PNY DDR4 16Gb 3200Mhz Silver RGB,$53119,https://www.venex.com.ar//memorias-ram/pc-de-escritorio/memoria-ram-ddr4-4gb-2666mhz-corsair-valueselect.html,2023-08-22 12:52:32
408,memorias-ram,Memoria RAM PNY DDR4 16Gb 3200Mhz XLR8 RGB Gaming White,$53119,https://www.venex.com.ar//memorias-ram/pc-de-escritorio/memoria-ram-ddr4-4gb-2666mhz-corsair-valueselect.html,2023-08-22 12:52:32
409,memorias-ram,Memoria RAM Adata 16Gb 3200Mhz XPG Gammix D45 2x8,$55209,https://www.venex.com.ar//memorias-ram/pc-de-escritorio/memoria-ram-ddr4-4gb-2666mhz-corsair-valueselect.html,2023-08-22 12:52:32
410,memorias-ram,Memoria RAM Corsair Vengance DDR4 16Gb 3200Mhz RGB C16 2x8,$55209,https://www.venex.com.ar//memorias-ram/pc-de-escritorio/memoria-ram-ddr4-4gb-2666mhz-corsair-valueselect.html,2023-08-22 12:52:32
411,memorias-ram,Memoria Ram  Kingston Fury Beast  DDR4 16Gb 3200Mhz RGB CL16,$56729,https://www.venex.com.ar//memorias-ram/pc-de-escritorio/memoria-ram-ddr4-4gb-2666mhz-corsair-valueselect.html,2023-08-22 12:52:32
412,memorias-ram,Memoria RAM Adata DDR4 16Gb 3600Mhz XPG Gammix D20,$58269,https://www.venex.com.ar//memorias-ram/pc-de-escritorio/memoria-ram-ddr4-4gb-2666mhz-corsair-valueselect.html,2023-08-22 12:52:32
413,memorias-ram,Memoria Ram DDR4 16Gb 3200Mhz Adata XPG Spectrix D60G RGB,$58269,https://www.venex.com.ar//memorias-ram/pc-de-escritorio/memoria-ram-ddr4-4gb-2666mhz-corsair-valueselect.html,2023-08-22 12:52:32
414,memorias-ram,Memoria Ram Sodimm DDR4 16Gb 3200Mhz Kingston CL22,$58269,https://www.venex.com.ar//memorias-ram/pc-de-escritorio/memoria-ram-ddr4-4gb-2666mhz-corsair-valueselect.html,2023-08-22 12:52:32
415,memorias-ram,Memoria RAM Corsair Vengance DDR4 16Gb 3600Mhz LPX 2x8 Black,$59819,https://www.venex.com.ar//memorias-ram/pc-de-escritorio/memoria-ram-ddr4-4gb-2666mhz-corsair-valueselect.html,2023-08-22 12:52:32
416,memorias-ram,Memoria RAM DDR4 16GB 3600MHZ PATRIOT VIPER STEEL CL18 2x8,$59819,https://www.venex.com.ar//memorias-ram/pc-de-escritorio/memoria-ram-ddr4-4gb-2666mhz-corsair-valueselect.html,2023-08-22 12:52:32
417,memorias-ram,Memoria Ram Kingston Fury Beast DDR4 16Gb 3600Mhz,$59819,https://www.venex.com.ar//memorias-ram/pc-de-escritorio/memoria-ram-ddr4-4gb-2666mhz-corsair-valueselect.html,2023-08-22 12:52:32
418,memorias-ram,Memoria RAM Patriot Viper Steel DDR4 16Gb 3200Mhz RGB 2x8,$59819,https://www.venex.com.ar//memorias-ram/pc-de-escritorio/memoria-ram-ddr4-4gb-2666mhz-corsair-valueselect.html,2023-08-22 12:52:32
419,memorias-ram,Memoria Ram DDR4 16Gb 3600Mhz Patriot Viper Steel RGB CL20,$61349,https://www.venex.com.ar//memorias-ram/pc-de-escritorio/memoria-ram-ddr4-4gb-2666mhz-corsair-valueselect.html,2023-08-22 12:52:32
420,memorias-ram,Memoria Ram Kingston Fury Beast DDR4 16Gb 3600Mhz RGB,$61349,https://www.venex.com.ar//memorias-ram/pc-de-escritorio/memoria-ram-ddr4-4gb-2666mhz-corsair-valueselect.html,2023-08-22 12:52:32
421,memorias-ram,Memoria RAM Adata XPG Spectrix 16Gb 3600Mhz D60G,$65949,https://www.venex.com.ar//memorias-ram/pc-de-escritorio/memoria-ram-ddr4-4gb-2666mhz-corsair-valueselect.html,2023-08-22 12:52:32
422,memorias-ram,Memoria RAM Kingston Fury Beast 16Gb 3200Mhz White RGB,$65949,https://www.venex.com.ar//memorias-ram/pc-de-escritorio/memoria-ram-ddr4-4gb-2666mhz-corsair-valueselect.html,2023-08-22 12:52:32
423,memorias-ram,Memoria RAM Corsair Vengance DDR4 16GB 3600Mhz RS RGB 2x8,$67479,https://www.venex.com.ar//memorias-ram/pc-de-escritorio/memoria-ram-ddr4-4gb-2666mhz-corsair-valueselect.html,2023-08-22 12:52:32
424,memorias-ram,Memoria RAM Corsair Vengance PRO  DDR4 16GB 3600Mhz RGB 2x8...,$68999,https://www.venex.com.ar//memorias-ram/pc-de-escritorio/memoria-ram-ddr4-4gb-2666mhz-corsair-valueselect.html,2023-08-22 12:52:32
425,memorias-ram,Memoria Ram DDR4 16Gb 3600Mhz Adata XPG Spectrix D60G 2x8,$68999,https://www.venex.com.ar//memorias-ram/pc-de-escritorio/memoria-ram-ddr4-4gb-2666mhz-corsair-valueselect.html,2023-08-22 12:52:32
426,memorias-ram,Memoria RAM Kingston DDR4 16Gb 3200Mhz,$68999,https://www.venex.com.ar//memorias-ram/pc-de-escritorio/memoria-ram-ddr4-4gb-2666mhz-corsair-valueselect.html,2023-08-22 12:52:32
427,memorias-ram,Memoria Ram DDR4 16Gb 3600Mhz Patriot Viper Steel RGB CL20 2x8,$70549,https://www.venex.com.ar//memorias-ram/pc-de-escritorio/memoria-ram-ddr4-4gb-2666mhz-corsair-valueselect.html,2023-08-22 12:52:32
428,memorias-ram,Memoria RAM 16Gb 3600Mhz Corsair VENGEANCE PRO Black RGB,$72079,https://www.venex.com.ar//memorias-ram/pc-de-escritorio/memoria-ram-ddr4-4gb-2666mhz-corsair-valueselect.html,2023-08-22 12:52:32
429,memorias-ram,Memoria Ram Ddr4 16Gb 2666Mhz Corsair Vengeance Pro RGB White...,$76679,https://www.venex.com.ar//memorias-ram/pc-de-escritorio/memoria-ram-ddr4-4gb-2666mhz-corsair-valueselect.html,2023-08-22 12:52:32
430,memorias-ram,Memoria RAM Adata Sodimm DDR5 16Gb 5600Mhz,$79779,https://www.venex.com.ar//memorias-ram/pc-de-escritorio/memoria-ram-ddr4-4gb-2666mhz-corsair-valueselect.html,2023-08-22 12:52:32
431,memorias-ram,Memoria RAM DDR5 Adata XPG Lancer 16Gb 5600Mhz,$84369,https://www.venex.com.ar//memorias-ram/pc-de-escritorio/memoria-ram-ddr4-4gb-2666mhz-corsair-valueselect.html,2023-08-22 12:52:32
432,memorias-ram,Memoria Ram DDR4 32Gb 3200Mhz Patriot Viper Steel RGB CL18,$99699,https://www.venex.com.ar//memorias-ram/pc-de-escritorio/memoria-ram-ddr4-4gb-2666mhz-corsair-valueselect.html,2023-08-22 12:52:32
433,memorias-ram,Memoria Ram Ddr4 32Gb 3200Mhz Patriot Viper Steel CL18 2x16,$101229,https://www.venex.com.ar//memorias-ram/pc-de-escritorio/memoria-ram-ddr4-4gb-2666mhz-corsair-valueselect.html,2023-08-22 12:52:32
434,memorias-ram,Memoria Ram Ddr4 32Gb 3200Mhz Patriot V4S RGB CL18 2x16,$104309,https://www.venex.com.ar//memorias-ram/pc-de-escritorio/memoria-ram-ddr4-4gb-2666mhz-corsair-valueselect.html,2023-08-22 12:52:32
