category,title,cash_price,store,link,brand,model,processor,memory,storage,created_at
notebooks,"Notebook Cx Amd A9-9400 4Gb 64Gb 14""",229739.0,mexx,https://www.mexx.com.ar/productos-rubro/notebooks/45453-notebook-cx-amd-a9-9400-4gb-64gb-14.html,Cx,CX28000W,AMD A9-9400,4 GB,SSD 64 GB,2023-09-03 21:31:13
notebooks,"Notebook Cx Amd A9-9400 8Gb 64Gb 256Gb 14""",244999.0,mexx,https://www.mexx.com.ar/productos-rubro/notebooks/45456-notebook-cx-amd-a9-9400-8gb-64gb-256gb-14.html,Cx,CX28000W,AMD A9-9400,8 GB,SSD 64 GB + SSD 256 GB,2023-09-03 21:31:13
notebooks,"Notebook Asus X515EA Core i3 4Gb Ssd 256Gb 15.6"" Win11",428999.0,mexx,https://www.mexx.com.ar/productos-rubro/notebooks/45319-notebook-asus-x515ea-core-i3-4gb-ssd-256gb-15.6-win11.html,Asus ,X515EA-EJ1626W,Intel Core i3-1115G4 3.0 GHz,4 GB DDR4,SSD 256 GB,2023-09-03 21:31:13
notebooks,"Notebook Asus X515EA Core i3 8Gb Ssd 256Gb 15.6"" Win11 ",441489.0,mexx,https://www.mexx.com.ar/productos-rubro/notebooks/45510-notebook-asus-x515ea-core-i3-8gb-ssd-256gb-15.6-win11-#.html,Asus ,X515EA-EJ1626W,Intel Core i3-1115G4 3.0 GHz,8 GB DDR4,SSD 256 GB,2023-09-03 21:31:13
notebooks,"Notebook Asus X515EA Core i3 8Gb Ssd M2 480Gb 15.6"" Win11 ",463489.0,mexx,https://www.mexx.com.ar/productos-rubro/notebooks/45521-notebook-asus-x515ea-core-i3-8gb-ssd-m2-480gb-15.6-win11-#.html,Asus ,X515EA-EJ1626W,Intel Core i3-1115G4 3.0 GHz,8 GB DDR4,SSD 480 GB,2023-09-03 21:31:13
notebooks,"Notebook Asus X515EA Core i3 8Gb Ssd M2 960Gb 15.6"" Win11 ",512489.0,mexx,https://www.mexx.com.ar/productos-rubro/notebooks/46206-notebook-asus-x515ea-core-i3-8gb-ssd-m2-960gb-15.6-win11-#.html,Asus ,X515EA-EJ1626W,Intel Core i3-1115G4 3.0 GHz,8 GB DDR4,SSD 960 GB,2023-09-03 21:31:13
notebooks,"Notebook Asus X515EA Core i3 12Gb Ssd 256Gb 15.6"" Win11 ",448989.0,mexx,https://www.mexx.com.ar/productos-rubro/notebooks/45488-notebook-asus-x515ea-core-i3-12gb-ssd-256gb-15.6-win11-#.html,Asus ,X515EA-EJ1626W,Intel Core i3-1115G4 3.0 GHz,12 GB DDR4,SSD 256 GB,2023-09-03 21:31:13
notebooks,"Notebook Asus X515EA Core i3 12Gb Ssd M2 480Gb 15.6"" Win11 ",470989.0,mexx,https://www.mexx.com.ar/productos-rubro/notebooks/46207-notebook-asus-x515ea-core-i3-12gb-ssd-m2-480gb-15.6-win11-#.html,Asus ,X515EA-EJ1626W,Intel Core i3-1115G4 3.0 GHz,12 GB DDR4,SSD 480 GB,2023-09-03 21:31:13
notebooks,"Notebook Asus X515EA Core i3 12Gb Ssd M2 960Gb 15.6"" Win11 ",519989.0,mexx,https://www.mexx.com.ar/productos-rubro/notebooks/46208-notebook-asus-x515ea-core-i3-12gb-ssd-m2-960gb-15.6-win11-#.html,Asus ,X515EA-EJ1626W,Intel Core i3-1115G4 3.0 GHz,12 GB DDR4,SSD 960 GB,2023-09-03 21:31:13
notebooks,"Notebook Asus X515EA Core i3 20Gb Ssd 256Gb 15.6"" Win11 ",464989.0,mexx,https://www.mexx.com.ar/productos-rubro/notebooks/45520-notebook-asus-x515ea-core-i3-20gb-ssd-256gb-15.6-win11-#.html,Asus ,X515EA-EJ1626W,Intel Core i3-1115G4 3.0 GHz,20 GB DDR4,SSD 256 GB,2023-09-03 21:31:13
notebooks,"Notebook Asus X515EA Core i3 20Gb Ssd M2 480Gb 15.6"" Win11 ",486989.0,mexx,https://www.mexx.com.ar/productos-rubro/notebooks/46209-notebook-asus-x515ea-core-i3-20gb-ssd-m2-480gb-15.6-win11-#.html,Asus ,X515EA-EJ1626W,Intel Core i3-1115G4 3.0 GHz,20 GB DDR4,SSD 480 GB,2023-09-03 21:31:13
notebooks,"Notebook Asus X515EA Core i3 20Gb Ssd M2 960Gb 15.6"" Win11 ",535989.0,mexx,https://www.mexx.com.ar/productos-rubro/notebooks/46210-notebook-asus-x515ea-core-i3-20gb-ssd-m2-960gb-15.6-win11-#.html,Asus ,X515EA-EJ1626W,Intel Core i3-1115G4 3.0 GHz,20 GB DDR4,SSD 960 GB,2023-09-03 21:31:13
notebooks,"Notebook Asus X515EA Core i3 4Gb Ssd 256Gb 15.6""",389839.0,mexx,https://www.mexx.com.ar/productos-rubro/notebooks/42286-notebook-asus-x515ea-core-i3-4gb-ssd-256gb-15.6.html,Asus ,X515EA-EJ1342,Intel Core i3-1115G4,4 GB,SSD 256 GB,2023-09-03 21:31:13
notebooks,"Notebook Asus X515EA Core i3 8Gb Ssd 256Gb 15.6""",402329.0,mexx,https://www.mexx.com.ar/productos-rubro/notebooks/42354-notebook-asus-x515ea-core-i3-8gb-ssd-256gb-15.6#.html,Asus ,X515EA-EJ1342,Intel Core i3-1115G4,8 GB,SSD 256 GB,2023-09-03 21:31:13
notebooks,"Notebook Asus X515EA Core i3 8Gb Ssd M2 480Gb 15.6""",424329.0,mexx,https://www.mexx.com.ar/productos-rubro/notebooks/43586-notebook-asus-x515ea-core-i3-8gb-ssd-m2-480gb-15.6#.html,Asus ,X515EA-BR1324,Intel Core i3-1115G4,8 GB,SSD 480 GB,2023-09-03 21:31:13
notebooks,"Notebook Asus X515EA Core i3 12Gb Ssd 256Gb 15.6""",409829.0,mexx,https://www.mexx.com.ar/productos-rubro/notebooks/42355-notebook-asus-x515ea-core-i3-12gb-ssd-256gb-15.6#.html,Asus ,X515EA-EJ1342,Intel Core i3-1115G4,12 GB,SSD 256 GB,2023-09-03 21:31:13
notebooks,"Notebook Asus X515EA Core i3 12Gb Ssd M2 480Gb 15.6""",433829.0,mexx,https://www.mexx.com.ar/productos-rubro/notebooks/43587-notebook-asus-x515ea-core-i3-12gb-ssd-m2-480gb-15.6#.html,Asus ,X515EA-BR1324,Intel Core i3-1115G4,12 GB,SSD 480 GB,2023-09-03 21:31:13
notebooks,"Notebook Asus X515EA Core i3 12Gb Ssd M2 960Gb 15.6""",480829.0,mexx,https://www.mexx.com.ar/productos-rubro/notebooks/43588-notebook-asus-x515ea-core-i3-12gb-ssd-m2-960gb-15.6#.html,Asus ,X515EA-BR1324,Intel Core i3-1115G4,12 GB,SSD 960 GB,2023-09-03 21:31:13
notebooks,"Notebook Asus X515EA Core i5 1135G7 8Gb Ssd 256Gb 15.6"" Win11",549999.0,mexx,https://www.mexx.com.ar/productos-rubro/notebooks/45401-notebook-asus-x515ea-core-i5-1135g7-8gb-ssd-256gb-15.6-win11.html,Asus ,X515EA,Intel Core i5-1135G7,8 GB,SSD 256 GB M.2 NVME PCI-e,2023-09-03 21:31:13
notebooks,"Notebook Asus X515EA Core i5 1135G7 8Gb Ssd M2 480Gb 15.6"" Win11",573989.0,mexx,https://www.mexx.com.ar/productos-rubro/notebooks/45686-notebook-asus-x515ea-core-i5-1135g7-8gb-ssd-m2-480gb-15.6-win11#.html,Asus ,X515EA,Intel Core i5-1135G7,8 GB,SSD 480 GB M.2 NVME PCI-e,2023-09-03 21:31:13
notebooks,"Notebook Asus X515EA Core i5 1135G7 8Gb Ssd M2 960Gb 15.6"" Win11",620989.0,mexx,https://www.mexx.com.ar/productos-rubro/notebooks/45687-notebook-asus-x515ea-core-i5-1135g7-8gb-ssd-m2-960gb-15.6-win11#.html,Asus ,X515EA,Intel Core i5-1135G7,8 GB,SSD 960 GB M.2 NVME PCI-e,2023-09-03 21:31:13
notebooks,"Notebook Asus X515EA Core i5 1135G7 12Gb Ssd 256Gb 15.6"" Win11",562489.0,mexx,https://www.mexx.com.ar/productos-rubro/notebooks/45670-notebook-asus-x515ea-core-i5-1135g7-12gb-ssd-256gb-15.6-win11#.html,Asus ,X515EA,Intel Core i5-1135G7,12 GB,SSD 256 GB M.2 NVME PCI-e,2023-09-03 21:31:13
notebooks,"Notebook Asus X515EA Core i5 1135G7 12Gb Ssd M2 480Gb 15.6"" Win11",584489.0,mexx,https://www.mexx.com.ar/productos-rubro/notebooks/45688-notebook-asus-x515ea-core-i5-1135g7-12gb-ssd-m2-480gb-15.6-win11#.html,Asus ,X515EA,Intel Core i5-1135G7,12 GB,SSD480 GB M.2 NVME PCI-e,2023-09-03 21:31:13
notebooks,"Notebook Asus X515EA Core i5 1135G7 12Gb Ssd M2 960Gb 15.6"" Win11",633489.0,mexx,https://www.mexx.com.ar/productos-rubro/notebooks/45756-notebook-asus-x515ea-core-i5-1135g7-12gb-ssd-m2-960gb-15.6-win11#.html,Asus ,X515EA,Intel Core i5-1135G7,12 GB,SSD 960 GB,2023-09-03 21:31:13
notebooks,"Notebook Asus X515EA Core i5 1135G7 16Gb Ssd 256Gb 15.6"" Win11",569989.0,mexx,https://www.mexx.com.ar/productos-rubro/notebooks/45964-notebook-asus-x515ea-core-i5-1135g7-16gb-ssd-256gb-15.6-win11#.html,Asus ,X515EA,Intel Core i5-1135G7,16 GB,SSD 256 GB,2023-09-03 21:31:13
notebooks,"Notebook Asus X515EA Core i5 1135G7 16Gb Ssd M2 480Gb 15.6"" Win11",593989.0,mexx,https://www.mexx.com.ar/productos-rubro/notebooks/45965-notebook-asus-x515ea-core-i5-1135g7-16gb-ssd-m2-480gb-15.6-win11#.html,Asus ,X515EA,Intel Core i5-1135G7,16 GB,SSD 480 GB M.2 NVME PCI-e,2023-09-03 21:31:13
notebooks,"Notebook Asus X515EA Core i5 1135G7 16Gb Ssd M2 960Gb 15.6"" Win11",640989.0,mexx,https://www.mexx.com.ar/productos-rubro/notebooks/45966-notebook-asus-x515ea-core-i5-1135g7-16gb-ssd-m2-960gb-15.6-win11#.html,Asus ,X515EA,Intel Core i5-1135G7,16 GB,SSD 960 GB M.2 NVME PCI-e,2023-09-03 21:31:13
notebooks,"Notebook Asus X515EA Core i5 1135G7 24Gb Ssd M2 480Gb 15.6"" Win11",609989.0,mexx,https://www.mexx.com.ar/productos-rubro/notebooks/45689-notebook-asus-x515ea-core-i5-1135g7-24gb-ssd-m2-480gb-15.6-win11#.html,Asus ,X515EA,Intel Core i5-1135G7,24 GB,SSD 480 GB,2023-09-03 21:31:13
notebooks,"Notebook Asus X515EA Core i5 1135G7 24Gb Ssd M2 960Gb 15.6"" Win11",656989.0,mexx,https://www.mexx.com.ar/productos-rubro/notebooks/45812-notebook-asus-x515ea-core-i5-1135g7-24gb-ssd-m2-960gb-15.6-win11#.html,Asus ,X515EA,Intel Core i5-1135G7,24 GB,SSD 960 GB,2023-09-03 21:31:13
notebooks,"Notebook Asus X515EA Core i7 8Gb Ssd 512Gb 15.6"" ",649999.0,mexx,https://www.mexx.com.ar/productos-rubro/notebooks/43352-notebook-asus-x515ea-core-i7-8gb-ssd-512gb-15.6.html,Asus ,X515EA,Intel Core i7-1165G7,8 GB,SSD 512 GB,2023-09-03 21:31:13
notebooks,"Notebook Asus X515EA Core i7 8Gb Ssd M2 960Gb 15.6"" ",698989.0,mexx,https://www.mexx.com.ar/productos-rubro/notebooks/43427-notebook-asus-x515ea-core-i7-8gb-ssd-m2-960gb-15.6-#.html,Asus ,X515EA,Intel Core i7-1165G7,8 GB,SSD 960 GB,2023-09-03 21:31:13
notebooks,"Notebook Asus X515EA Core i7 12Gb Ssd 512Gb 15.6"" ",662489.0,mexx,https://www.mexx.com.ar/productos-rubro/notebooks/43426-notebook-asus-x515ea-core-i7-12gb-ssd-512gb-15.6-#.html,Asus ,X515EA,Intel Core i7-1165G7,12 GB,SSD 512 GB,2023-09-03 21:31:13
notebooks,"Notebook Asus X515EA Core i7 12Gb Ssd M2 960Gb 15.6"" ",711489.0,mexx,https://www.mexx.com.ar/productos-rubro/notebooks/43429-notebook-asus-x515ea-core-i7-12gb-ssd-m2-960gb-15.6-#.html,Asus ,X515EA,Intel Core i7-1165G7,12 GB,SSD 960 GB,2023-09-03 21:31:13
notebooks,"Notebook Asus X515EA Core i7 16Gb Ssd 512Gb 15.6"" ",669989.0,mexx,https://www.mexx.com.ar/productos-rubro/notebooks/44334-notebook-asus-x515ea-core-i7-16gb-ssd-512gb-15.6-#.html,Asus ,X515EA,Intel Core i7-1165G7,16 GB,SSD 512 GB,2023-09-03 21:31:13
notebooks,"Notebook Asus X515EA Core i7 16Gb Ssd M2 960Gb 15.6"" ",718989.0,mexx,https://www.mexx.com.ar/productos-rubro/notebooks/44335-notebook-asus-x515ea-core-i7-16gb-ssd-m2-960gb-15.6-#.html,Asus ,X515EA,Intel Core i7-1165G7,16 GB,SSD 960 GB,2023-09-03 21:31:13
notebooks,"Notebook Asus X515EA Core i7 24Gb Ssd 512Gb 15.6"" ",685989.0,mexx,https://www.mexx.com.ar/productos-rubro/notebooks/44336-notebook-asus-x515ea-core-i7-24gb-ssd-512gb-15.6-#.html,Asus ,X515EA,Intel Core i7-1165G7,24 GB,SSD 512 GB,2023-09-03 21:31:13
notebooks,"Notebook Asus X515EA Core i7 24Gb Ssd M2 960Gb 15.6"" ",734989.0,mexx,https://www.mexx.com.ar/productos-rubro/notebooks/44337-notebook-asus-x515ea-core-i7-24gb-ssd-m2-960gb-15.6-#.html,Asus ,X515EA,Intel Core i7-1165G7,24 GB,SSD 960 GB,2023-09-03 21:31:13
notebooks,"Notebook Asus X515EA Core i7-1165G7 8Gb Ssd 512Gb 15.6"" Win11",719999.0,mexx,https://www.mexx.com.ar/productos-rubro/notebooks/44640-notebook-asus-x515ea-core-i7-1165g7-8gb-ssd-512gb-15.6-win11.html,Asus ,X515EA,Intel Core i7-1165G7 Processor 2.8 GHz,8 GB DDR4 (onboard),SSD 512 GB,2023-09-03 21:31:13
notebooks,"Notebook Asus X515EA Core i7-1165G7 8Gb Ssd M2 960Gb 15.6"" Win11 ",768989.0,mexx,https://www.mexx.com.ar/productos-rubro/notebooks/45953-notebook-asus-x515ea-core-i7-1165g7-8gb-ssd-m2-960gb-15.6-win11-#.html,Asus ,X515EA,Intel Core i7-1165G7 Processor 2.8 GHz,8 GB DDR4 (onboard),SSD 960 GB,2023-09-03 21:31:13
notebooks,"Notebook Asus X515EA Core i7-1165G7 16Gb Ssd 512Gb 15.6"" Win11",739989.0,mexx,https://www.mexx.com.ar/productos-rubro/notebooks/45103-notebook-asus-x515ea-core-i7-1165g7-16gb-ssd-512gb-15.6-win11#.html,Asus ,X515EA,Intel Core i7-1165G7 Processor 2.8 GHz,16 GB DDR4,SSD 512 GB,2023-09-03 21:31:13
notebooks,"Notebook Asus X515EA Core i7-1165G7 16Gb Ssd M2 960Gb 15.6"" Win11",788989.0,mexx,https://www.mexx.com.ar/productos-rubro/notebooks/45954-notebook-asus-x515ea-core-i7-1165g7-16gb-ssd-m2-960gb-15.6-win11#.html,Asus ,X515EA,Intel Core i7-1165G7 Processor 2.8 GHz,16 GB DDR4,SSD 960 GB,2023-09-03 21:31:13
notebooks,"Notebook Asus X515EA Core i7-1165G7 24Gb Ssd 512Gb 15.6"" Win11 ",755989.0,mexx,https://www.mexx.com.ar/productos-rubro/notebooks/45104-notebook-asus-x515ea-core-i7-1165g7-24gb-ssd-512gb-15.6-win11-#.html,Asus ,X515EA,Intel Core i7-1165G7 Processor 2.8 GHz,24 GB DDR4,SSD 512 GB,2023-09-03 21:31:13
notebooks,"Notebook Asus X515EA Core i7-1165G7 24Gb Ssd M2 960Gb 15.6"" Win11 ",804989.0,mexx,https://www.mexx.com.ar/productos-rubro/notebooks/45955-notebook-asus-x515ea-core-i7-1165g7-24gb-ssd-m2-960gb-15.6-win11-#.html,Asus ,X515EA,Intel Core i7-1165G7 Processor 2.8 GHz,24GB DDR4,SSD 960 GB,2023-09-03 21:31:13
notebooks,"Notebook Asus Gamer Core i9-12900 32Gb Ssd 1Tb RTX 3060 6GB 16""Tactil Win11",3029999.0,mexx,https://www.mexx.com.ar/productos-rubro/notebooks/45454-notebook-asus-gamer-core-i9-12900-32gb-ssd-1tb-rtx-3060-6gb-16tactil-win11.html,Asus ,Zenbook Pro 16X OLED (UX7602),Intel Core i9-12900H 2.5 GHz,32 GB DDR4,SSD 1 TB,2023-09-03 21:31:13
notebooks,"Notebook HP X360 Pentium 4Gb Ssd 256Gb 14"" Win10",367999.0,mexx,https://www.mexx.com.ar/productos-rubro/notebooks/45298-notebook-hp-x360-pentium-4gb-ssd-256gb-14-win10.html,Hp,Pavilion x360 Convertible,Intel Pentium Gold 7505,4 GB de RAM DDR4-3200 MHz (1 x 4 GB),SSD 256 GB PCIe NVMe M.2,2023-09-03 21:31:13
notebooks,"Notebook Hp 240 G8 Core i3 8Gb 1Tb 14"" Win11",494999.0,mexx,https://www.mexx.com.ar/productos-rubro/notebooks/44118-notebook-hp-240-g8-core-i3-8gb-1tb-14-win11.html,Hp,240 G8,Intel Core i3-1115G4,8 GB DDR4,HDD 1 TB,2023-09-03 21:31:13
notebooks,"Notebook Hp 240 G8 Core i3 8Gb Ssd M2 240Gb 1Tb 14"" Win11 ",514689.0,mexx,https://www.mexx.com.ar/productos-rubro/notebooks/46198-notebook-hp-240-g8-core-i3-8gb-ssd-m2-240gb-1tb-14-win11-#.html,Hp,240 G8,Intel Core i3-1115G4,8 GB DDR4,HDD 1 TB + SSD 240 GB,2023-09-03 21:31:13
notebooks,"Notebook Hp 240 G8 Core i3 8Gb Ssd M2 480Gb 1Tb 14"" Win11 ",524989.0,mexx,https://www.mexx.com.ar/productos-rubro/notebooks/46199-notebook-hp-240-g8-core-i3-8gb-ssd-m2-480gb-1tb-14-win11-#.html,Hp,240 G8,Intel Core i3-1115G4,8 GB DDR4,HDD 1 TB + SSD 480 GB,2023-09-03 21:31:13
notebooks,"Notebook Hp 240 G8 Core i3 16Gb 1Tb 14"" Win11 ",514989.0,mexx,https://www.mexx.com.ar/productos-rubro/notebooks/44202-notebook-hp-240-g8-core-i3-16gb-1tb-14-win11-#.html,Hp,240 G8,Intel Core i3-1115G4,16 GB DDR4,HDD 1 TB,2023-09-03 21:31:13
notebooks,"Notebook Hp 240 G8 Core i3 16Gb Ssd M2 240Gb 1Tb 14"" Win11 ",534689.0,mexx,https://www.mexx.com.ar/productos-rubro/notebooks/46200-notebook-hp-240-g8-core-i3-16gb-ssd-m2-240gb-1tb-14-win11-#.html,Hp,240 G8,Intel Core i3-1115G4,16 GB DDR4,HDD 1 TB + SSD 240 GB,2023-09-03 21:31:13
notebooks,"Notebook Hp 240 G8 Core i3 16Gb Ssd M2 480Gb 1Tb 14"" Win11 ",544989.0,mexx,https://www.mexx.com.ar/productos-rubro/notebooks/46201-notebook-hp-240-g8-core-i3-16gb-ssd-m2-480gb-1tb-14-win11-#.html,Hp,240 G8,Intel Core i3-1115G4,16 GB DDR4,HDD 1 TB + SSD 480 GB,2023-09-03 21:31:13
notebooks,"Notebook Hp 240 G8 Core i3 8Gb 512Gb 14"" Win11",594989.0,mexx,https://www.mexx.com.ar/productos-rubro/notebooks/46101-notebook-hp-240-g8-core-i3-8gb-512gb-14-win11.html,Hp,240 G8,Intel Core i3-1005G1,8 GB DDR4,SSD 512 GB,2023-09-03 21:31:13
notebooks,"Notebook Hp 250 G8 Core i3 1115G4 8Gb 256Gb 15.6"" Win11",484369.0,mexx,https://www.mexx.com.ar/productos-rubro/notebooks/45671-notebook-hp-250-g8-core-i3-1115g4-8gb-256gb-15.6-win11.html,Hp,250 G8,Intel Core i3-1115G4,8 GB,SSD 256 GB,2023-09-03 21:31:13
notebooks,"Notebook Hp 250 G8 Core i3 1115G4 8Gb Ssd M2 480Gb 15.6"" Win11",506359.0,mexx,https://www.mexx.com.ar/productos-rubro/notebooks/45720-notebook-hp-250-g8-core-i3-1115g4-8gb-ssd-m2-480gb-15.6-win11#.html,Hp,250 G8,Intel Core i3-1115G4,8 GB,SSD 480 GB,2023-09-03 21:31:13
notebooks,"Notebook Hp 250 G8 Core i3 1115G4 8Gb Ssd M2 960Gb 15.6"" Win11",555359.0,mexx,https://www.mexx.com.ar/productos-rubro/notebooks/45726-notebook-hp-250-g8-core-i3-1115g4-8gb-ssd-m2-960gb-15.6-win11#.html,Hp,250 G8,Intel Core i3-1115G4,8 GB,SSD 960 GB,2023-09-03 21:31:13
notebooks,"Notebook Hp 250 G8 Core i3 1115G4 16Gb 256Gb 15.6"" Win11",504359.0,mexx,https://www.mexx.com.ar/productos-rubro/notebooks/45727-notebook-hp-250-g8-core-i3-1115g4-16gb-256gb-15.6-win11#.html,Hp,250 G8,Intel Core i3-1115G4,16 GB,SSD 256 GB,2023-09-03 21:31:13
notebooks,"Notebook Hp 250 G8 Core i3 1115G4 16Gb Ssd M2 480Gb 15.6"" Win11",526359.0,mexx,https://www.mexx.com.ar/productos-rubro/notebooks/45721-notebook-hp-250-g8-core-i3-1115g4-16gb-ssd-m2-480gb-15.6-win11#.html,Hp,250 G8,Intel Core i3-1115G4,16 GB,SSD 480 GB,2023-09-03 21:31:13
notebooks,"Notebook Hp 250 G8 Core i3 1115G4 16Gb Ssd M2 960Gb 15.6"" Win11",575359.0,mexx,https://www.mexx.com.ar/productos-rubro/notebooks/45723-notebook-hp-250-g8-core-i3-1115g4-16gb-ssd-m2-960gb-15.6-win11#.html,Hp,250 G8,Intel Core i3-1115G4,16 GB,SSD 960 GB,2023-09-03 21:31:13
notebooks,"Notebook Hp 250 G8 Core i3 1115G4 32Gb 256Gb 15.6"" Win11",536359.0,mexx,https://www.mexx.com.ar/productos-rubro/notebooks/45729-notebook-hp-250-g8-core-i3-1115g4-32gb-256gb-15.6-win11#.html,Hp,250 G8,Intel Core i3-1115G4,32 GB,SSD 256 GB,2023-09-03 21:31:13
notebooks,"Notebook Hp 250 G8 Core i3 1115G4 32Gb Ssd M2 480Gb 15.6"" Win11",558359.0,mexx,https://www.mexx.com.ar/productos-rubro/notebooks/45730-notebook-hp-250-g8-core-i3-1115g4-32gb-ssd-m2-480gb-15.6-win11#.html,Hp,250 G8,Intel Core i3-1115G4,32 GB,SSD 480 GB,2023-09-03 21:31:13
notebooks,"Notebook Hp 250 G8 Core i3 1115G4 32Gb Ssd M2 960Gb 15.6"" Win11",607359.0,mexx,https://www.mexx.com.ar/productos-rubro/notebooks/45731-notebook-hp-250-g8-core-i3-1115g4-32gb-ssd-m2-960gb-15.6-win11#.html,Hp,250 G8,Intel Core i3-1115G4,32 GB,SSD 960 GB,2023-09-03 21:31:13
notebooks,"Notebook Hp 250 G8 Core i5 1135G7 8Gb Ssd 256Gb 15.6"" Win11",544549.0,mexx,https://www.mexx.com.ar/productos-rubro/notebooks/45577-notebook-hp-250-g8-core-i5-1135g7-8gb-ssd-256gb-15.6-win11.html,Hp,250 G8,Intel Core i5-1135G7,8 GB,SSD 256 GB,2023-09-03 21:31:13
notebooks,"Notebook Hp 250 G8 Core i5 1135G7 8Gb Ssd M2 480Gb 15.6"" Win11",566539.0,mexx,https://www.mexx.com.ar/productos-rubro/notebooks/45702-notebook-hp-250-g8-core-i5-1135g7-8gb-ssd-m2-480gb-15.6-win11#.html,Hp,250 G8,Intel Core i5-1135G7,8 GB,SSD 480 GB,2023-09-03 21:31:13
notebooks,"Notebook Hp 250 G8 Core i5 1135G7 8Gb Ssd M2 960Gb 15.6"" Win11",615539.0,mexx,https://www.mexx.com.ar/productos-rubro/notebooks/45704-notebook-hp-250-g8-core-i5-1135g7-8gb-ssd-m2-960gb-15.6-win11#.html,Hp,250 G8,Intel Core i5-1135G7,8 GB,SSD 960 GB,2023-09-03 21:31:13
notebooks,"Notebook Hp 250 G8 Core i5 1135G7 16Gb Ssd M2 480Gb 15.6"" Win11",586539.0,mexx,https://www.mexx.com.ar/productos-rubro/notebooks/45705-notebook-hp-250-g8-core-i5-1135g7-16gb-ssd-m2-480gb-15.6-win11#.html,Hp,250 G8,Intel Core i5-1135G7,16 GB,SSD 480 GB,2023-09-03 21:31:13
notebooks,"Notebook Hp 250 G8 Core i5 1135G7 16Gb Ssd M2 960Gb 15.6"" Win11",635539.0,mexx,https://www.mexx.com.ar/productos-rubro/notebooks/45709-notebook-hp-250-g8-core-i5-1135g7-16gb-ssd-m2-960gb-15.6-win11#.html,Hp,250 G8,Intel Core i5-1135G7,16 GB,SSD 960 GB,2023-09-03 21:31:13
notebooks,"Notebook Hp 250 G8 Core i5 1135G7 32Gb 256Gb 15.6"" Win11",596539.0,mexx,https://www.mexx.com.ar/productos-rubro/notebooks/45708-notebook-hp-250-g8-core-i5-1135g7-32gb-256gb-15.6-win11#.html,Hp,250 G8,Intel Core i5-1135G7,32 GB,SSD 256 GB,2023-09-03 21:31:13
notebooks,"Notebook Hp 250 G8 Core i5 1135G7 32Gb Ssd M2 480Gb 15.6"" Win11",618539.0,mexx,https://www.mexx.com.ar/productos-rubro/notebooks/45710-notebook-hp-250-g8-core-i5-1135g7-32gb-ssd-m2-480gb-15.6-win11#.html,Hp,250 G8,Intel Core i5-1135G7,32 GB,SSD 480 GB,2023-09-03 21:31:13
notebooks,"Notebook Hp 250 G8 Core i5 1135G7 32Gb Ssd M2 960Gb 15.6"" Win11",667539.0,mexx,https://www.mexx.com.ar/productos-rubro/notebooks/45711-notebook-hp-250-g8-core-i5-1135g7-32gb-ssd-m2-960gb-15.6-win11#.html,Hp,250 G8,Intel Core i5-1135G7,32 GB,SSD 960 GB,2023-09-03 21:31:13
notebooks,"Notebook Hp 240 G8 Core i5 1135G7 8Gb Ssd 512 Gb 14"" W11",723999.0,mexx,https://www.mexx.com.ar/productos-rubro/notebooks/43283-notebook-hp-240-g8-core-i5-1135g7-8gb-ssd-512-gb-14-w11.html,Hp,240 G8,Intel Core i5-1135G7,8 GB,SSD 512 GB,2023-09-03 21:31:13
notebooks,"Notebook Hp 240 G8 Core i5 1135G7 8Gb Ssd M2 960Gb 14"" W11 ",772989.0,mexx,https://www.mexx.com.ar/productos-rubro/notebooks/46202-notebook-hp-240-g8-core-i5-1135g7-8gb-ssd-m2-960gb-14-w11-#.html,Hp,240 G8,Intel Core i5-1135G7,8 GB,SSD 960 GB,2023-09-03 21:31:13
notebooks,"Notebook Hp 240 G8 Core i5 1135G7 16Gb Ssd 512Gb 14"" Win11 ",743989.0,mexx,https://www.mexx.com.ar/productos-rubro/notebooks/43457-notebook-hp-240-g8-core-i5-1135g7-16gb-ssd-512gb-14-win11-#.html,Hp,240 G8,Intel Core i5-1135G7,16 GB,SSD 512 GB,2023-09-03 21:31:13
notebooks,"Notebook Hp 240 G8 Core i5 1135G7 16Gb Ssd M2 960Gb 14"" Win11 ",792989.0,mexx,https://www.mexx.com.ar/productos-rubro/notebooks/46203-notebook-hp-240-g8-core-i5-1135g7-16gb-ssd-m2-960gb-14-win11-#.html,Hp,240 G8,Intel Core i5-1135G7,16 GB,SSD 960 GB,2023-09-03 21:31:13
notebooks,"Notebook Hp 240 G8 Core i5 1135G7 24Gb Ssd 512Gb 14"" Win11 ",759989.0,mexx,https://www.mexx.com.ar/productos-rubro/notebooks/43458-notebook-hp-240-g8-core-i5-1135g7-24gb-ssd-512gb-14-win11-#.html,Hp,240 G8,Intel Core i5-1135G7,24 GB,SSD 512 GB,2023-09-03 21:31:13
notebooks,"Notebook Hp 240 G8 Core i5 1135G7 32Gb Ssd 512Gb 14"" Win11 ",775989.0,mexx,https://www.mexx.com.ar/productos-rubro/notebooks/43459-notebook-hp-240-g8-core-i5-1135g7-32gb-ssd-512gb-14-win11-#.html,Hp,240 G8,Intel Core i5-1135G7,32 GB,SSD 512 GB,2023-09-03 21:31:13
notebooks,"Notebook Lenovo Yoga Slim 7 14ACN6 Ryzen 5 8Gb Ssd 512Gb 14"" W11",639999.0,mexx,https://www.mexx.com.ar/productos-rubro/notebooks/46039-notebook-lenovo-yoga-slim-7-14acn6-ryzen-5-8gb-ssd-512gb-14-w11.html,Lenovo,Yoga 7 14ACN6,AMD Ryzen 5 5600U,8GB LPDDR4x-4266 soldada,SSD 512GB M.2 2280 PCIe 3.0x4 NVMe,2023-09-03 21:31:13
notebooks,"Notebook Lenovo Yoga Slim Core i5-1235U 16Gb Ssd 512Gb 14"" W11",839919.0,mexx,https://www.mexx.com.ar/productos-rubro/notebooks/46038-notebook-lenovo-yoga-slim-core-i5-1235u-16gb-ssd-512gb-14-w11.html,Lenovo,Yoga 7 14IAL7,"Intel Core i5-1235U, 10C / 12T, P-core 1.3 / 4.4GHz, E-core 0.9 / 3.3GHz, 12MB",16GB LPDDR5-4800 soldada,SSD 512GB M.2 2242 PCIe 4.0x4 NVMe,2023-09-03 21:31:13
notebooks,"Notebook Lenovo IdeaPad 1 Ryzen 3 3250U 8Gb Ssd 256Gb 14""",399999.0,mexx,https://www.mexx.com.ar/productos-rubro/notebooks/46112-notebook-lenovo-ideapad-1-ryzen-3-3250u-8gb-ssd-256gb-14.html,Lenovo,IdeaPad 1 14ADA7,AMD Ryzen 3 3250U,8 GB DDR4,SSD 256GB SSD M.2 2242 PCIe 3.0x4 NVMe,2023-09-03 21:31:13
notebooks,"Notebook Lenovo IdeaPad 1 Ryzen 5 3500U 8Gb Ssd 256Gb 14""",448999.0,mexx,https://www.mexx.com.ar/productos-rubro/notebooks/46113-notebook-lenovo-ideapad-1-ryzen-5-3500u-8gb-ssd-256gb-14.html,Lenovo,IdeaPad 1 14ADA7,AMD Ryzen 5 3500U,8 GB DDR4,SSD 256GB SSD M.2 2242 PCIe 3.0x4 NVMe,2023-09-03 21:31:13
notebooks,"Notebook Lenovo IdeaPad 1 Ryzen 5 3500U 8Gb Ssd 512Gb 14""",458999.0,mexx,https://www.mexx.com.ar/productos-rubro/notebooks/46114-notebook-lenovo-ideapad-1-ryzen-5-3500u-8gb-ssd-512gb-14.html,Lenovo,IdeaPad 1 14ADA7,AMD Ryzen 5 3500U,8 GB DDR4,SSD 512GB SSD M.2 2242 PCIe 3.0x4 NVMe,2023-09-03 21:31:13
notebooks,"Notebook Lenovo IdeaPad 1 Ryzen 7 3700U 8Gb Ssd 512Gb 15""",594999.0,mexx,https://www.mexx.com.ar/productos-rubro/notebooks/46116-notebook-lenovo-ideapad-1-ryzen-7-3700u-8gb-ssd-512gb-15.html,Lenovo,IdeaPad 1 15ADA7,AMD Ryzen 7 3700U,8 GB DDR4,SSD 512GB SSD M.2 2242 PCIe 3.0x4 NVMe,2023-09-03 21:31:13
notebooks,"Notebook Lenovo IdeaPad 3 Celeron N4120 4Gb Ssd 256Gb 15"" W11",391999.0,mexx,https://www.mexx.com.ar/productos-rubro/notebooks/46117-notebook-lenovo-ideapad-3-celeron-n4120-4gb-ssd-256gb-15-w11.html,Lenovo,IdeaPad 3 15IGL05,Intel Celeron N4120,4GB Soldada DDR4-2400,SSD 256GB SSD M.2 2242 PCIe 3.0x2 NVMe,2023-09-03 21:31:13
notebooks,"Notebook Lenovo IdeaPad 1 Celeron N4120 4Gb Ssd 128Gb 14"" W11",308999.0,mexx,https://www.mexx.com.ar/productos-rubro/notebooks/46115-notebook-lenovo-ideapad-1-celeron-n4120-4gb-ssd-128gb-14-w11.html,Lenovo,IdeaPad 1 14IGL7,Intel Celeron N4120,4GB Soldada DDR4-2400,SSD 128GB eMMC 5.1,2023-09-03 21:31:13
notebooks,"Notebook Lenovo IdeaPad 3 Ryzen 5 8Gb Ssd 256Gb 15.6"" Win11",483999.0,mexx,https://www.mexx.com.ar/productos-rubro/notebooks/46118-notebook-lenovo-ideapad-3-ryzen-5-8gb-ssd-256gb-15.6-win11.html,Lenovo,IdeaPad 3 15ALC6,AMD Ryzen 5 5500U,8 GB (4GB soldada DDR4-3200 + 4GB SO-DIMM DDR4-3200),SSD 256GB SSD M.2 2242 PCIe 3.0x4 NVMe,2023-09-03 21:31:13
notebooks,"Notebook Lenovo Ideapad 3 Ryzen 5 8Gb Ssd 512Gb 15.6"" Win11",692989.0,mexx,https://www.mexx.com.ar/productos-rubro/notebooks/46119-notebook-lenovo-ideapad-3-ryzen-5-8gb-ssd-512gb-15.6-win11.html,Lenovo,IdeaPad 3 15ALC6,AMD Ryzen 5 5500U,8 GB (4GB soldada DDR4-3200 + 4GB SO-DIMM DDR4-3200),SSD 512GB SSD M.2 2242 PCIe 3.0x4 NVMe,2023-09-03 21:31:13
notebooks,"Notebook Lenovo IdeaPad 3 Ryzen 7 16Gb Ssd 512Gb 15"" Win11",719849.0,mexx,https://www.mexx.com.ar/productos-rubro/notebooks/46120-notebook-lenovo-ideapad-3-ryzen-7-16gb-ssd-512gb-15-win11.html,Lenovo,IdeaPad 3 15ALC6,AMD Ryzen 7 5700U,16 GB DDR4 (8GB soldada DDR4-3200 + 8GB SO-DIMM DDR4-3200),SSD 512GB SSD M.2 2242 PCIe 3.0x4 NVMe,2023-09-03 21:31:13
notebooks,"Notebook Lenovo Ideapad 3 Core i3 8Gb Ssd 256Gb 14"" Win11",509999.0,mexx,https://www.mexx.com.ar/productos-rubro/notebooks/46140-notebook-lenovo-ideapad-3-core-i3-8gb-ssd-256gb-14-win11.html,Lenovo,IdeaPad 3 14ITL6,Intel Core i3-1115G4,8 GB DDR4 (4GB soldada DDR4-3200 + 4GB SO-DIMM DDR4-3200),SSD 256GB SSD M.2 2242 PCIe 3.0x4 NVMe,2023-09-03 21:31:13
notebooks,Notebook Lenovo Legion 5 Core i5 16Gb Ssd 512Gb RTX3060 6Gb Win11,969999.0,mexx,https://www.mexx.com.ar/productos-rubro/notebooks/46036-notebook-lenovo-legion-5-core-i5-16gb-ssd-512gb-rtx3060-6gb-win11.html,Lenovo,Legion 5 15ITH6H,Intel Core i5-11400H,16 GB (2 x 8GB SO-DIMM DDR4-3200),SSD 512GB SSD M.2 2242 PCIe 3.0x4 NVMe,2023-09-03 21:31:13
notebooks,"Notebook Lenovo Legion 5 Pro Core i7 16Gb Ssd 512Gb GTX3050Ti 4Gb 16"" Win11",1200999.0,mexx,https://www.mexx.com.ar/productos-rubro/notebooks/46034-notebook-lenovo-legion-5-pro-core-i7-16gb-ssd-512gb-gtx3050ti-4gb-16-win11.html,Lenovo,Legion 5 Pro 16ITH6,Intel Core i7-11800H,16 GB (2x 8GB SO-DIMM DDR4-3200),SSD 512GB SSD M.2 2242 PCIe 3.0x4 NVMe,2023-09-03 21:31:13
notebooks,"Notebook Lenovo IdeaPad 3 Core i5 8Gb Ssd 256Gb 15.6"" W11",615599.0,mexx,https://www.mexx.com.ar/productos-rubro/notebooks/46121-notebook-lenovo-ideapad-3-core-i5-8gb-ssd-256gb-15.6-w11.html,Lenovo,IdeaPad 3 15ITL6,Intel Core i5-1155G7,8 GB DDR4 (4GB soldada DDR4-3200 + 4GB SO-DIMM DDR4-3200),SSD 256GB SSD M.2 2242 PCIe 3.0x4 NVMe,2023-09-03 21:31:13
notebooks,"Notebook Lenovo Ideapad 3 Core i5 16Gb Ssd 256Gb 1Tb GTX1650 4Gb 15.6"" W11",729999.0,mexx,https://www.mexx.com.ar/productos-rubro/notebooks/46037-notebook-lenovo-ideapad-3-core-i5-16gb-ssd-256gb-1tb-gtx1650-4gb-15.6-w11.html,Lenovo,IdeaPad Gaming 3 15IHU6,Intel Core i5-11300H,16 GB (SO-DIMM DDR4-3200),"SSD 256GB M.2 2242 PCIe 3.0x4 NVMe + 1TB HDD 5400rpm 2.5""",2023-09-03 21:31:13
notebooks,"Notebook Lenovo Ideapad 3 Core i7 1165G7 8Gb Ssd 256Gb 15.6"" Win11",723999.0,mexx,https://www.mexx.com.ar/productos-rubro/notebooks/45168-notebook-lenovo-ideapad-3-core-i7-1165g7-8gb-ssd-256gb-15.6-win11.html,Lenovo,IdeaPad 3 15ITL6,Intel Core i7-1165G7,16 GB (4GB soldada DDR4-3200 + 4GB SO-DIMM DDR4-3200),SSD 256GB M.2 2242 PCIe 3.0x4 NVMe,2023-09-03 21:31:13
notebooks,"Notebook Lenovo IdeaPad Flex 5 Core i3-1005G1 4Gb Ssd 256Gb 14"" Win10",419999.0,mexx,https://www.mexx.com.ar/productos-rubro/notebooks/42985-notebook-lenovo-ideapad-flex-5-core-i3-1005g1-4gb-ssd-256gb-14-win10.html,Lenovo,IdeaPad Flex 5 14IIL05,Intel Core i3-1005G1,4 GB,SSD 256 GB,2023-09-03 21:31:13
notebooks,"Notebook Lenovo IdeaPad Flex 5 Core i3-1005G1 4Gb Ssd M2 480Gb 14"" Win10",443989.0,mexx,https://www.mexx.com.ar/productos-rubro/notebooks/46018-notebook-lenovo-ideapad-flex-5-core-i3-1005g1-4gb-ssd-m2-480gb-14-win10#.html,Lenovo,IdeaPad Flex 5 14IIL05,Intel Core i3-1005G1,4 GB,SSD 480 GB,2023-09-03 21:31:13
notebooks,"Notebook Lenovo IdeaPad Flex 5 Core i3-1005G1 4Gb Ssd M2 960Gb 14"" Win10",490989.0,mexx,https://www.mexx.com.ar/productos-rubro/notebooks/46019-notebook-lenovo-ideapad-flex-5-core-i3-1005g1-4gb-ssd-m2-960gb-14-win10#.html,Lenovo,IdeaPad Flex 5 14IIL05,Intel Core i3-1005G1,4 GB,SSD 960 GB,2023-09-03 21:31:13
notebooks,"Notebook Acer Aspire 3 Celeron N4000 4Gb 500Gb 15.6"" W10",275999.0,mexx,https://www.mexx.com.ar/productos-rubro/notebooks/45761-notebook-acer-aspire-3-celeron-n4000-4gb-500gb-15.6-w10.html,Acer,Aspire 3 A315-34,Intel Celeron N4000,4 GB DDR4,HDD 500 GB 5400 RPM,2023-09-03 21:31:13
notebooks,"Notebook Acer Aspire 3 Ryzen 5 3500U 8Gb Ssd 256Gb 15.6"" Win11",736999.0,mexx,https://www.mexx.com.ar/productos-rubro/notebooks/43319-notebook-acer-aspire-3-ryzen-5-3500u-8gb-ssd-256gb-15.6-win11.html,Acer,Aspire 3,AMD Ryzen 5 3500U,8 GB,SSD 256 GB PCIe NVMe,2023-09-03 21:31:13
notebooks,"Notebook Acer Aspire 3 Ryzen 5 3500U 8Gb Ssd M2 480Gb 15.6"" Win11 ",760989.0,mexx,https://www.mexx.com.ar/productos-rubro/notebooks/46187-notebook-acer-aspire-3-ryzen-5-3500u-8gb-ssd-m2-480gb-15.6-win11-#.html,Acer,Aspire 3,AMD Ryzen 5 3500U,8 GB,SSD 480 GB,2023-09-03 21:31:13
notebooks,"Notebook Acer Aspire 3 Ryzen 5 3500U 8Gb Ssd M2 960Gb 15.6"" Win11 ",807989.0,mexx,https://www.mexx.com.ar/productos-rubro/notebooks/46188-notebook-acer-aspire-3-ryzen-5-3500u-8gb-ssd-m2-960gb-15.6-win11-#.html,Acer,Aspire 3,AMD Ryzen 5 3500U,8 GB,SSD 960 GB,2023-09-03 21:31:13
notebooks,"Notebook Acer Aspire 3 Ryzen 5 3500U 12Gb Ssd 256Gb 15.6"" Win11 ",744489.0,mexx,https://www.mexx.com.ar/productos-rubro/notebooks/43606-notebook-acer-aspire-3-ryzen-5-3500u-12gb-ssd-256gb-15.6-win11-#.html,Acer,Aspire 3,AMD Ryzen 5 3500U,12 GB,SSD 256 GB PCIe NVMe,2023-09-03 21:31:13
notebooks,"Notebook Acer Aspire 3 Ryzen 5 3500U 12Gb Ssd M2 480Gb 15.6"" Win11 ",766489.0,mexx,https://www.mexx.com.ar/productos-rubro/notebooks/44632-notebook-acer-aspire-3-ryzen-5-3500u-12gb-ssd-m2-480gb-15.6-win11-#.html,Acer,Aspire 3,AMD Ryzen 5 3500U,12 GB,SSD 480 GB,2023-09-03 21:31:13
notebooks,"Notebook Acer Aspire 3 Ryzen 5 3500U 12Gb Ssd M2 960Gb 15.6"" Win11 ",815489.0,mexx,https://www.mexx.com.ar/productos-rubro/notebooks/44634-notebook-acer-aspire-3-ryzen-5-3500u-12gb-ssd-m2-960gb-15.6-win11-#.html,Acer,Aspire 3,AMD Ryzen 5 3500U,12 GB,SSD 960 GB,2023-09-03 21:31:13
notebooks,"Notebook Acer Aspire 3 Ryzen 5 3500U 20Gb Ssd 256Gb 15.6"" Win11 ",760489.0,mexx,https://www.mexx.com.ar/productos-rubro/notebooks/45970-notebook-acer-aspire-3-ryzen-5-3500u-20gb-ssd-256gb-15.6-win11-#.html,Acer,Aspire 3,AMD Ryzen 5 3500U,20 GB,SSD 256 GB PCIe NVMe,2023-09-03 21:31:13
notebooks,"Notebook Acer Aspire 3 Ryzen 5 3500U 20Gb Ssd M2 480Gb 15.6"" Win11 ",782489.0,mexx,https://www.mexx.com.ar/productos-rubro/notebooks/45971-notebook-acer-aspire-3-ryzen-5-3500u-20gb-ssd-m2-480gb-15.6-win11-#.html,Acer,Aspire 3,AMD Ryzen 5 3500U,20 GB,SSD M2 480 GB,2023-09-03 21:31:13
notebooks,"Notebook Acer Aspire 3 Ryzen 5 3500U 20Gb Ssd M2 960Gb 15.6"" Win11 ",818989.0,mexx,https://www.mexx.com.ar/productos-rubro/notebooks/45972-notebook-acer-aspire-3-ryzen-5-3500u-20gb-ssd-m2-960gb-15.6-win11-#.html,Acer,Aspire 3,AMD Ryzen 5 3500U,20 GB,SSD M2 960 GB,2023-09-03 21:31:13
notebooks,"Notebook Acer Aspire 3 Core i3 8Gb Ssd 256Gb 15.6"" Win11",497989.0,mexx,https://www.mexx.com.ar/productos-rubro/notebooks/45459-notebook-acer-aspire-3-core-i3-8gb-ssd-256gb-15.6-win11.html,Acer,Aspire 3,Intel Core i3-1115G4 Processor,8 GB DDR4,SSD 256 GB PCIe NVMe,2023-09-03 21:31:13
notebooks,"Notebook Acer Aspire 3 Core i3 8Gb Ssd M2 480Gb 15.6"" Win11 ",521979.0,mexx,https://www.mexx.com.ar/productos-rubro/notebooks/45544-notebook-acer-aspire-3-core-i3-8gb-ssd-m2-480gb-15.6-win11-#.html,Acer,Aspire 3,Intel Core i3-1115G4 Processor,8 GB DDR4,SSD 480 GB,2023-09-03 21:31:13
notebooks,"Notebook Acer Aspire 3 Core i3 8Gb Ssd M2 960Gb 15.6"" Win11 ",568979.0,mexx,https://www.mexx.com.ar/productos-rubro/notebooks/45545-notebook-acer-aspire-3-core-i3-8gb-ssd-m2-960gb-15.6-win11-#.html,Acer,Aspire 3,Intel Core i3-1115G4 Processor,8 GB DDR4,SSD 960 GB,2023-09-03 21:31:13
notebooks,"Notebook Acer Aspire 3 Core i3 12Gb Ssd 256Gb 15.6"" Win11 ",505479.0,mexx,https://www.mexx.com.ar/productos-rubro/notebooks/45546-notebook-acer-aspire-3-core-i3-12gb-ssd-256gb-15.6-win11-#.html,Acer,Aspire 3,Intel Core i3-1115G4 Processor,12 GB DDR4,SSD 256 GB PCIe NVMe,2023-09-03 21:31:13
notebooks,"Notebook Acer Aspire 3 Core i3 12Gb Ssd M2 480Gb 15.6"" Win11 ",527479.0,mexx,https://www.mexx.com.ar/productos-rubro/notebooks/45547-notebook-acer-aspire-3-core-i3-12gb-ssd-m2-480gb-15.6-win11-#.html,Acer,Aspire 3,Intel Core i3-1115G4 Processor,12 GB DDR4,SSD 480 GB,2023-09-03 21:31:13
notebooks,"Notebook Acer Aspire 3 Core i3 12Gb Ssd M2 960Gb 15.6"" Win11 ",576479.0,mexx,https://www.mexx.com.ar/productos-rubro/notebooks/45548-notebook-acer-aspire-3-core-i3-12gb-ssd-m2-960gb-15.6-win11-#.html,Acer,Aspire 3,Intel Core i3-1115G4 Processor,12 GB DDR4,SSD 960 GB,2023-09-03 21:31:13
notebooks,"Notebook Acer Aspire 3 Core i3 20Gb Ssd 256Gb 15.6"" Win11 ",521479.0,mexx,https://www.mexx.com.ar/productos-rubro/notebooks/46137-notebook-acer-aspire-3-core-i3-20gb-ssd-256gb-15.6-win11-#.html,Acer,Aspire 3,Intel Core i3-1115G4 Processor,20 GB DDR4,SSD 256 GB PCIe NVMe,2023-09-03 21:31:13
notebooks,"Notebook Acer Aspire 3 Core i3 20Gb Ssd M2 480Gb 15.6"" Win11 ",543479.0,mexx,https://www.mexx.com.ar/productos-rubro/notebooks/46138-notebook-acer-aspire-3-core-i3-20gb-ssd-m2-480gb-15.6-win11-#.html,Acer,Aspire 3,Intel Core i3-1115G4 Processor,20 GB DDR4,SSD 480 GB PCIe NVMe,2023-09-03 21:31:13
notebooks,"Notebook Acer Aspire 3 Core i3 20Gb Ssd M2 960Gb 15.6"" Win11 ",592479.0,mexx,https://www.mexx.com.ar/productos-rubro/notebooks/46139-notebook-acer-aspire-3-core-i3-20gb-ssd-m2-960gb-15.6-win11-#.html,Acer,Aspire 3,Intel Core i3-1115G4 Processor,20 GB DDR4,SSD 960 GB PCIe NVMe,2023-09-03 21:31:13
notebooks,"Notebook Acer Aspire 5 Core i5 8Gb Ssd 256Gb 15.6"" Win10",600999.0,mexx,https://www.mexx.com.ar/productos-rubro/notebooks/43372-notebook-acer-aspire-5-core-i5-8gb-ssd-256gb-15.6-win10.html,Acer,Aspire 5,Intel Core i5-1035G1,8 GB,SSD 256 GB,2023-09-03 21:31:13
notebooks,"Notebook Acer Aspire 5 Core i5 8Gb Ssd 256Gb Ssd 480Gb 15.6"" Win10",627989.0,mexx,https://www.mexx.com.ar/productos-rubro/notebooks/45623-notebook-acer-aspire-5-core-i5-8gb-ssd-256gb-ssd-480gb-15.6-win10#.html,Acer,Aspire 5,Intel Core i5-1035G1,8 GB,SSD 256 GB + SSD 480 GB,2023-09-03 21:31:13
notebooks,"Notebook Acer Aspire 5 Core i5 8Gb Ssd 256Gb Ssd 960Gb 15.6"" Win10",645989.0,mexx,https://www.mexx.com.ar/productos-rubro/notebooks/45622-notebook-acer-aspire-5-core-i5-8gb-ssd-256gb-ssd-960gb-15.6-win10#.html,Acer,Aspire 5,Intel Core i5-1035G1,8 GB,SSD 256 GB + SSD 960 GB,2023-09-03 21:31:13
notebooks,"Notebook Acer Aspire 5 Core i5 12Gb Ssd 256Gb 15.6"" Win10 ",608489.0,mexx,https://www.mexx.com.ar/productos-rubro/notebooks/43562-notebook-acer-aspire-5-core-i5-12gb-ssd-256gb-15.6-win10-#.html,Acer,Aspire 5,Intel Core i5-1035G1,12 GB,SSD 256 GB,2023-09-03 21:31:13
notebooks,"Notebook Acer Aspire 5 Core i5 12Gb Ssd 256Gb Ssd 480Gb 15.6"" Win10 ",635489.0,mexx,https://www.mexx.com.ar/productos-rubro/notebooks/45625-notebook-acer-aspire-5-core-i5-12gb-ssd-256gb-ssd-480gb-15.6-win10-#.html,Acer,Aspire 5,Intel Core i5-1035G1,12 GB,SSD 256 GB + SSD 480 GB,2023-09-03 21:31:13
notebooks,"Notebook Acer Aspire 5 Core i5 12Gb Ssd 256Gb Ssd 960Gb 15.6"" Win10 ",653489.0,mexx,https://www.mexx.com.ar/productos-rubro/notebooks/45624-notebook-acer-aspire-5-core-i5-12gb-ssd-256gb-ssd-960gb-15.6-win10-#.html,Acer,Aspire 5,Intel Core i5-1035G1,12 GB,SSD 256 GB + SSD 960 GB,2023-09-03 21:31:13
notebooks,"Notebook Acer Aspire 5 Core i5 20Gb Ssd 256Gb 15.6"" Win10 ",624489.0,mexx,https://www.mexx.com.ar/productos-rubro/notebooks/44017-notebook-acer-aspire-5-core-i5-20gb-ssd-256gb-15.6-win10-#.html,Acer,Aspire 5,Intel Core i5-1035G1,20 GB,SSD 256 GB,2023-09-03 21:31:13
notebooks,"Notebook Acer Aspire 5 Core i5 20Gb Ssd 256Gb Ssd 480Gb 15.6"" Win10 ",651489.0,mexx,https://www.mexx.com.ar/productos-rubro/notebooks/45627-notebook-acer-aspire-5-core-i5-20gb-ssd-256gb-ssd-480gb-15.6-win10-#.html,Acer,Aspire 5,Intel Core i5-1035G1,20 GB,SSD 256 GB + SSD 480 GB,2023-09-03 21:31:13
notebooks,"Notebook Acer Aspire 5 Core i5 20Gb Ssd 256Gb Ssd 960Gb 15.6"" Win10 ",669489.0,mexx,https://www.mexx.com.ar/productos-rubro/notebooks/45626-notebook-acer-aspire-5-core-i5-20gb-ssd-256gb-ssd-960gb-15.6-win10-#.html,Acer,Aspire 5,Intel Core i5-1035G1,20 GB,SSD 256 GB + SSD 960 GB,2023-09-03 21:31:13
notebooks,"Notebook Acer Aspire 5 Core i7 8Gb Ssd 256Gb 15.6"" Win11",754999.0,mexx,https://www.mexx.com.ar/productos-rubro/notebooks/45762-notebook-acer-aspire-5-core-i7-8gb-ssd-256gb-15.6-win11.html,Acer,Aspire 5 A515-54,Intel Core i7-10510U,8 GB DDR4,SSD 256 GB PCIe,2023-09-03 21:31:13
notebooks,"Notebook Acer Aspire 5 Core i7 8Gb Ssd 256Gb Ssd 480Gb 15.6"" Win11 ",781989.0,mexx,https://www.mexx.com.ar/productos-rubro/notebooks/45980-notebook-acer-aspire-5-core-i7-8gb-ssd-256gb-ssd-480gb-15.6-win11-#.html,Acer,Aspire 5 A515-54,Intel Core i7-10510U,8 GB DDR4,SSD 256 GB PCIe + SSD 480 GB,2023-09-03 21:31:13
notebooks,"Notebook Acer Aspire 5 Core i7 8Gb Ssd 256Gb Ssd 960Gb 15.6"" Win11 ",799989.0,mexx,https://www.mexx.com.ar/productos-rubro/notebooks/45981-notebook-acer-aspire-5-core-i7-8gb-ssd-256gb-ssd-960gb-15.6-win11-#.html,Acer,Aspire 5 A515-54,Intel Core i7-10510U,8 GB DDR4,SSD 256 GB PCIe + SSD 960 GB,2023-09-03 21:31:13
notebooks,"Notebook Acer Aspire 5 Core i7 12Gb Ssd 256Gb 15.6"" Win11 ",762489.0,mexx,https://www.mexx.com.ar/productos-rubro/notebooks/45982-notebook-acer-aspire-5-core-i7-12gb-ssd-256gb-15.6-win11-#.html,Acer,Aspire 5 A515-54,Intel Core i7-10510U,12 GB DDR4,SSD 256 GB PCIe,2023-09-03 21:31:13
notebooks,"Notebook Acer Aspire 5 Core i7 12Gb Ssd 256Gb Ssd 480Gb 15.6"" Win11 ",789489.0,mexx,https://www.mexx.com.ar/productos-rubro/notebooks/45983-notebook-acer-aspire-5-core-i7-12gb-ssd-256gb-ssd-480gb-15.6-win11-#.html,Acer,Aspire 5 A515-54,Intel Core i7-10510U,12 GB DDR4,SSD 256 GB PCIe + SSD 480 GB,2023-09-03 21:31:13
notebooks,"Notebook Acer Aspire 5 Core i7 12Gb Ssd 256Gb Ssd 960Gb 15.6"" Win11 ",807489.0,mexx,https://www.mexx.com.ar/productos-rubro/notebooks/45984-notebook-acer-aspire-5-core-i7-12gb-ssd-256gb-ssd-960gb-15.6-win11-#.html,Acer,Aspire 5 A515-54,Intel Core i7-10510U,12 GB DDR4,SSD 256 GB PCIe + 960 GB,2023-09-03 21:31:13
notebooks,"Notebook Acer Aspire 5 Core i7 20Gb Ssd 256Gb 15.6"" Win11 ",778489.0,mexx,https://www.mexx.com.ar/productos-rubro/notebooks/45997-notebook-acer-aspire-5-core-i7-20gb-ssd-256gb-15.6-win11-#.html,Acer,Aspire 5 A515-54,Intel Core i7-10510U,20 GB DDR4,SSD 256 GB PCIe,2023-09-03 21:31:13
notebooks,"Notebook Acer Aspire 5 Core i7 20Gb Ssd 256Gb Ssd 480Gb 15.6"" Win11 ",805489.0,mexx,https://www.mexx.com.ar/productos-rubro/notebooks/45998-notebook-acer-aspire-5-core-i7-20gb-ssd-256gb-ssd-480gb-15.6-win11-#.html,Acer,Aspire 5 A515-54,Intel Core i7-10510U,20 GB DDR4,SSD 256 GB PCIe + ssd 480 GB,2023-09-03 21:31:13
notebooks,"Notebook Acer Aspire 5 Core i7 20Gb Ssd 256Gb Ssd 960Gb 15.6"" Win11 ",823489.0,mexx,https://www.mexx.com.ar/productos-rubro/notebooks/45999-notebook-acer-aspire-5-core-i7-20gb-ssd-256gb-ssd-960gb-15.6-win11-#.html,Acer,Aspire 5 A515-54,Intel Core i7-10510U,20GB DDR4,SSD 256 GB PCIe + ssd 960 GB,2023-09-03 21:31:13
notebooks,"Notebook Gamer Acer Core i7-12700H 16Gb Ssd 1Tb RTX3060 6Gb 15.6"" WIN11",1449789.0,mexx,https://www.mexx.com.ar/productos-rubro/notebooks/45289-notebook-gamer-acer-core-i7-12700h-16gb-ssd-1tb-rtx3060-6gb-15.6-win11.html,Acer,Predator Helios 300,Intel Core i7-12700H,16 GB DDR5,SSD 1024 GB PCIe NVMe,2023-09-03 21:31:13
notebooks,"Notebook Gamer Acer Nitro 5 Ryzen 7 8Gb Ssd 512Gb GTX1650 4Gb 15.6"" Win11",969229.0,mexx,https://www.mexx.com.ar/productos-rubro/notebooks/45290-notebook-gamer-acer-nitro-5-ryzen-7-8gb-ssd-512gb-gtx1650-4gb-15.6-win11.html,Acer,Nitro 5,AMD Ryzen 7 5800H,8 GB DDR4 3200 MHz,SSD 512 GB PCIe NVMe,2023-09-03 21:31:13
notebooks,"Notebook Acer Nitro 5 Ryzen 7 8Gb Ssd 512Gb Ssd 960Gb GTX1650 4Gb 15.6"" W11",1014219.0,mexx,https://www.mexx.com.ar/productos-rubro/notebooks/45612-notebook-acer-nitro-5-ryzen-7-8gb-ssd-512gb-ssd-960gb-gtx1650-4gb-15.6-w11.html,Acer,Nitro 5,AMD Ryzen 7 5800H,8 GB DDR4 3200 MHz,SSD 512 GB PCIe NVMe + SSD 960 GB,2023-09-03 21:31:13
notebooks,"Notebook Gamer Acer Nitro 5 Ryzen 7 16Gb Ssd 512Gb GTX1650 4Gb 15.6"" Win11",989219.0,mexx,https://www.mexx.com.ar/productos-rubro/notebooks/45613-notebook-gamer-acer-nitro-5-ryzen-7-16gb-ssd-512gb-gtx1650-4gb-15.6-win11#.html,Acer,Nitro 5,AMD Ryzen 7 5800H,16 GB DDR4,SSD 512 GB PCIe NVMe,2023-09-03 21:31:13
notebooks,"Notebook Acer Nitro 5 Ryzen 7 16Gb Ssd 512Gb Ssd 960Gb GTX1650 4Gb 15.6"" W",1034219.0,mexx,https://www.mexx.com.ar/productos-rubro/notebooks/45614-notebook-acer-nitro-5-ryzen-7-16gb-ssd-512gb-ssd-960gb-gtx1650-4gb-15.6-w#.html,Acer,Nitro 5,AMD Ryzen 7 5800H,16 GB DDR4,SSD 512 GB PCIe NVMe + SSD 960 GB,2023-09-03 21:31:13
notebooks,"Notebook Gamer Acer Nitro 5 Ryzen 7 32Gb Ssd 512Gb GTX1650 4Gb 15.6"" Win11",1021219.0,mexx,https://www.mexx.com.ar/productos-rubro/notebooks/45615-notebook-gamer-acer-nitro-5-ryzen-7-32gb-ssd-512gb-gtx1650-4gb-15.6-win11#.html,Acer,Nitro 5,AMD Ryzen 7 5800H,32 GB DDR4,SSD 512 GB PCIe NVMe,2023-09-03 21:31:13
notebooks,"Notebook Acer Nitro 5 Ryzen 7 32Gb Ssd 512Gb Ssd 960Gb GTX1650 4Gb 15.6"" W",1066219.0,mexx,https://www.mexx.com.ar/productos-rubro/notebooks/45616-notebook-acer-nitro-5-ryzen-7-32gb-ssd-512gb-ssd-960gb-gtx1650-4gb-15.6-w#.html,Acer,Nitro 5,AMD Ryzen 7 5800H,32 GB DDR4,SSD 512 GB PCIe NVMe + SSD 960 GB,2023-09-03 21:31:13
notebooks,"Notebook Dell Vostro 3405 Ryzen 5 8Gb Ssd 256Gb 14""",608999.0,mexx,https://www.mexx.com.ar/productos-rubro/notebooks/41365-notebook-dell-vostro-3405-ryzen-5-8gb-ssd-256gb-14.html,Dell,Vostro 3405,AMD Ryzen 5 3450U,8 GB,SSD 256 GB,2023-09-03 21:31:13
notebooks,"Notebook Dell Vostro 3405 Ryzen 5 8Gb Ssd 256Gb 1Tb 14"" ",626489.0,mexx,https://www.mexx.com.ar/productos-rubro/notebooks/46166-notebook-dell-vostro-3405-ryzen-5-8gb-ssd-256gb-1tb-14-#.html,Dell,Vostro 3405,AMD Ryzen 5 3450U,8 GB,SSD 256 GB + HDD 1TB,2023-09-03 21:31:13
notebooks,"Notebook Dell Vostro 3405 Ryzen 5 8Gb Ssd M2 480Gb 1Tb 14"" ",648489.0,mexx,https://www.mexx.com.ar/productos-rubro/notebooks/46167-notebook-dell-vostro-3405-ryzen-5-8gb-ssd-m2-480gb-1tb-14-#.html,Dell,Vostro 3405,AMD Ryzen 5 3450U,8 GB,SSD 480 GB + HDD 1TB,2023-09-03 21:31:13
notebooks,"Notebook Dell Vostro 3405 Ryzen 5 16Gb Ssd 256Gb 14"" ",628989.0,mexx,https://www.mexx.com.ar/productos-rubro/notebooks/46169-notebook-dell-vostro-3405-ryzen-5-16gb-ssd-256gb-14-#.html,Dell,Vostro 3405,AMD Ryzen 5 3450U,16 GB,SSD 256 GB,2023-09-03 21:31:13
notebooks,"Notebook Dell Vostro 3405 Ryzen 5 16Gb Ssd 256Gb 1Tb 14"" ",646489.0,mexx,https://www.mexx.com.ar/productos-rubro/notebooks/46170-notebook-dell-vostro-3405-ryzen-5-16gb-ssd-256gb-1tb-14-#.html,Dell,Vostro 3405,AMD Ryzen 5 3450U,16 GB,SSD 256 GB + HDD 1Tb,2023-09-03 21:31:13
notebooks,"Notebook Dell Vostro 3405 Ryzen 5 16Gb Ssd M2 480Gb 1Tb 14"" ",668489.0,mexx,https://www.mexx.com.ar/productos-rubro/notebooks/46171-notebook-dell-vostro-3405-ryzen-5-16gb-ssd-m2-480gb-1tb-14-#.html,Dell,Vostro 3405,AMD Ryzen 5 3450U,16 GB,SSD 480 GB + HDD 1Tb,2023-09-03 21:31:13
notebooks,"Notebook Noblex 3 Core i3 1115G4 8Gb Ssd 256Gb 14""",294549.0,mexx,https://www.mexx.com.ar/productos-rubro/notebooks/46070-notebook-noblex-3-core-i3-1115g4-8gb-ssd-256gb-14.html,Noblex,N14X3000,Intel Core i3-1115G4,8 GB DDR4,SSD 256 GB M.2,2023-09-03 21:31:13
notebooks,"Notebook Samsung Galaxy Book3 Core i3 256Gb 8Gb 15.6"" Win11 Plateado",506999.0,mexx,https://www.mexx.com.ar/productos-rubro/notebooks/46008-notebook-samsung-galaxy-book3-core-i3-256gb-8gb-15.6-win11-plateado.html,Samsung,Galaxy Book3,Intel Core i3-1315U Processor,8 GB LPDDR4x Memory (On Board),SSD 256 GB NVMe,2023-09-03 21:31:13
notebooks,"Notebook Samsung Galaxy Book3 Pro Core i5 512Gb 16Gb 14"" Win11 Beige",1094999.0,mexx,https://www.mexx.com.ar/productos-rubro/notebooks/45961-notebook-samsung-galaxy-book3-pro-core-i5-512gb-16gb-14-win11-beige.html,Samsung,"Galaxy Book3 Pro 14"" (i5, 512GB, 16GB)",Intel Core i5-1340P,16 GB LPDDR5 (On Board 16 GB),SSD 512 GB NVMe,2023-09-03 21:31:13
notebooks,"Notebook Samsung Galaxy Book3 Pro Core i5 512Gb 16Gb 14"" Win11 Negro",1094999.0,mexx,https://www.mexx.com.ar/productos-rubro/notebooks/46014-notebook-samsung-galaxy-book3-pro-core-i5-512gb-16gb-14-win11-negro.html,Samsung,Galaxy Book3 Pro,Intel Core i5-1340P Processor,16 GB LPDDR5 Memory (On Board),SSD 512 GB NVMe,2023-09-03 21:31:13
notebooks,"Notebook Samsung Galaxy Book3 Core i5 512Gb 8Gb 15.6"" Win11 Silver",609999.0,mexx,https://www.mexx.com.ar/productos-rubro/notebooks/45962-notebook-samsung-galaxy-book3-core-i5-512gb-8gb-15.6-win11-silver.html,Samsung,"Galaxy Book3 15.6"" (i5, 512GB, 8GB)",Intel Core i5-1335U,8 GB LPDDR4x (On Board 8 GB),SSD 512 GB NVMe,2023-09-03 21:31:13
notebooks,"Notebook Samsung Galaxy Book3 Core i5 512Gb Ssd M2 960Gb 8Gb 15.6"" Win11 ",688989.0,mexx,https://www.mexx.com.ar/productos-rubro/notebooks/46029-notebook-samsung-galaxy-book3-core-i5-512gb-ssd-m2-960gb-8gb-15.6-win11-#.html,Samsung,"Galaxy Book3 15.6"" (i5, 512GB, 8GB)",Intel Core i5-1335U,8 GB LPDDR4x (On Board 8 GB),SSD 512 GB NVMe + SSD 960 GB,2023-09-03 21:31:13
