category,title,cash_price,store,link,created_at
notebooks,Notebook Aiwa Cloudbook Ca141-C Intel N4020 4Gb 128Gb 14 W11...,222449.0,venex,https://www.venex.com.ar//notebooks/notebook-aiwa-cloudbook-ca141-c-4gb-128gb-14-c-funda.html,2023-09-04 10:49:24
notebooks,Notebook Noblex Celeron N4020 4Gb 128Gb 14.1 Hd W11,259999.0,venex,https://www.venex.com.ar//notebooks/notebook-noblex-celeron-n4020-4gb-128gb-14-1-hd-w11.html,2023-09-04 10:49:24
notebooks,Notebook Lenovo Ideapad 3 14Igl05 Celeron N4020 4Gb 500Gb 14 Hd...,268449.0,venex,https://www.venex.com.ar//notebooks/notebook-lenovo-ideapad-3-14igl05-celeron-n4020-4gb-500gb-14-hd-free.html,2023-09-04 10:49:24
notebooks,Lenovo Ideapad 1 14Igl05 Pentium N5030 4Gb Ssd 256Gb 14 Hd Free,314489.0,venex,https://www.venex.com.ar//notebooks/lenovo-ideapad-1-14igl05-pentium-n5030-4gb-ssd-256gb-14-hd-free.html,2023-09-04 10:49:24
notebooks,Notebook Noblex Core I3 1115G4 8Gb 256Gb 14.1 Fhd W11,349999.0,venex,https://www.venex.com.ar//notebooks/notebook-noblex-core-i3-1115g4-8gb-256gb-14-1-fhd-w11.html,2023-09-04 10:49:24
notebooks,Notebook Asus X515Ea I3 1115G4 4Gb Ssd 256Gb 15.6 Fhd Free,394990.0,venex,https://www.venex.com.ar//notebooks/notebook-asus-x515ea-i3-1115g4-4gb-ssd-256gb-15-6-fhd-free.html,2023-09-04 10:49:24
notebooks,Notebook Asus X515Ea I3 1115G4 8Gb Ssd 256Gb 15.6 Fhd Free,399990.0,venex,https://www.venex.com.ar//notebooks/notebook-asus-x515ea-i3-1115g4-8gb-ssd-256gb-15-6-fhd-free.html,2023-09-04 10:49:24
notebooks,Notebook Bangho Max L4 I3 1115G4 Ssd 240Gb 8Gb 14 Hd Free,424990.0,venex,https://www.venex.com.ar//notebooks/notebook-bangho-max-l4-i3-1115g4-ssd-240gb-8gb-14-hd-free.html,2023-09-04 10:49:24
notebooks,Notebook Bangho Max L5 I3 1115G4 Ssd 240Gb 8Gb 15.6 Hd Free,429990.0,venex,https://www.venex.com.ar//notebooks/notebook-bangho-max-l5-i3-1115g4-ssd-240gb-8gb-15-6-hd-free.html,2023-09-04 10:49:24
notebooks,Notebook Bangho Max L4 I5 115567 Ssd 240Gb 8Gb 14 Hd Free,459990.0,venex,https://www.venex.com.ar//notebooks/notebook-bangho-max-l4-i5-115567-ssd-240gb-8gb-14-hd-free.html,2023-09-04 10:49:24
notebooks,Notebook Lenovo Ideapad 1 Ryzen 3 3250U 8Gb Ssd 256Gb 14 Free,460229.0,venex,https://www.venex.com.ar//notebooks/notebook-lenovo-ideapad-1-ryzen-3-3250u-8gb-ssd-256gb-14-free.html,2023-09-04 10:49:24
notebooks,Notebook Bangho Max L5 Intel Core I5 1135G7 8Gb Ssd 240Gb 15.6...,464990.0,venex,https://www.venex.com.ar//notebooks/notebook-bangho-max-l5-intel-core-i5-1135g7-8gb-ssd-240gb-15-5-free.html,2023-09-04 10:49:24
notebooks,Notebook Samsung Galaxy Book 3 Core I3 1315U 8Gb 256Gb 15.6...,479999.0,venex,https://www.venex.com.ar//notebooks/notebook-samsung-book-3-core-i3-8gb-256gb-silver-w11.html,2023-09-04 10:49:24
notebooks,Notebook Dell Inspiron 3511 I3 1115G4 4Gb Ssd 256Gb 15.6 Free,489990.0,venex,https://www.venex.com.ar//notebooks/notebook-dell-inspirion-3511-i3-1115g4-4gb-ssd-256gb-15-6-free.html,2023-09-04 10:49:24
notebooks,Notebook Dell Inpiron 3511 Core I3 1115G4 Ssd 256Gb 8Gb 15.6...,499990.0,venex,https://www.venex.com.ar//notebooks/notebook-dell-inpiron-3511-core-i3-1115g4-ssd-256gb-8gb-16-6-free.html,2023-09-04 10:49:24
notebooks,Notebook Lenovo V15 I3 10110U 8Gb 1Tb 15.6 Free,499990.0,venex,https://www.venex.com.ar//notebooks/notebook-lenovo-v15-i3-10110u-8gb-1tb-15-6-free.html,2023-09-04 10:49:24
notebooks,Notebook Lenovo Ideapad 1 Ryzen 5 3500U 8Gb Ssd 256Gb 14 Free,506239.0,venex,https://www.venex.com.ar//notebooks/notebook-lenovo-ideapad-1-ryzen-5-3500u-8gb-ssd-256gb-14-free.html,2023-09-04 10:49:24
notebooks,Notebook Lenovo V15 I3 10110U 8Gb 1Tb Ssd M.2 240Gb 15.6 Free,509990.0,venex,https://www.venex.com.ar//notebooks/notebook-lenovo-v15-i3-10110u-8gb-1tb-ssd-m-2-240gb-15-6-free.html,2023-09-04 10:49:24
notebooks,Notebook Bangho Max L5 Intel Core I5 1135G7 Ssd 240Gb 8Gb 15.6...,519990.0,venex,https://www.venex.com.ar//notebooks/notebook-bangho-max-l5-intel-core-i5-1135g7-ssd-240gb-8gb-15-6-w11.html,2023-09-04 10:49:24
notebooks,Notebook Lenovo V15 G2 Ryzen 3 5300U 8Gb 1Tb 15.6  Fhd Free,519990.0,venex,https://www.venex.com.ar//notebooks/notebook-lenovo-v15-g2-ryzen-3-5300u-8gb-1tb-15-6-fhd-free.html,2023-09-04 10:49:24
notebooks,Notebook Bangho Max L5 I7 1165G7 Ssd 480Gb 8Gb 15.6 Fhd Free,529990.0,venex,https://www.venex.com.ar//notebooks/notebook-bangho-max-l15-i7-1165g7-ssd-580gb-8gb-15-6-fhd-free.html,2023-09-04 10:49:24
notebooks,Notebook Lenovo V15 G2 Ryzen 3 5300U 8Gb 1Tb Ssd M2 240Gb 15.6...,529990.0,venex,https://www.venex.com.ar//notebooks/notebook-lenovo-v15-g2-ryzen-3-5300u-8gb-1tb-ssd-m2-240gb-15-6-free.html,2023-09-04 10:49:24
notebooks,Notebook Lenovo Ideapad 3 14Iml05 I5 10210U 8Gb Ssd 256Gb 14...,536929.0,venex,https://www.venex.com.ar//notebooks/notebook-lenovo-ideapad-3-14iml05-i5-10210u-8gb-ssd-256gb-14-w11.html,2023-09-04 10:49:24
notebooks,Notebook Dell Inspiron 3525 Amd Ryzen 5 5500U 8Gb Ssd 256Gb...,549990.0,venex,https://www.venex.com.ar//notebooks/notebook-dell-3525-amd-ryzen-5-5500u-8gb-ssd-256gb-15-6-w11.html,2023-09-04 10:49:24
notebooks,"Notebook Asus X515Ea I5 1135G7 8Gb Ssd 256Gb 15.6"" Free",559990.0,venex,https://www.venex.com.ar//notebooks/notebook-asus-x515ea-i5-1135g7-8gb-ssd-512gb-15-6-free.html,2023-09-04 10:49:24
notebooks,Notebook Lenovo V15 G2 I3 1115G4 8Gb 1Tb 15.6 Fhd Free,569990.0,venex,https://www.venex.com.ar//notebooks/notebook-lenovo-v15-g2-i3-1115g4-8gb-1tb-15-6-free.html,2023-09-04 10:49:24
notebooks,Notebook Samsung Galaxy Book 3 Core I5 1335U 8Gb 512Gb 15.6 Fhd...,569999.0,venex,https://www.venex.com.ar//notebooks/notebook-samsung-book-3-core-i5-8gb-512gb-silver-w11.html,2023-09-04 10:49:24
notebooks,Notebook Lenovo Ideapad 1 Ryzen 7 3700U 8Gb Ssd 512Gb 15.6 Free,575289.0,venex,https://www.venex.com.ar//notebooks/notebook-lenovo-ideapad-1-ryzen-7-3700u-8gb-ssd-512gb-14-free.html,2023-09-04 10:49:24
notebooks,Notebook Lenovo V15 G2 I3 1115G4 8Gb 1Tb Ssd M2 240Gb 15.6 Free,589990.0,venex,https://www.venex.com.ar//notebooks/notebook-lenovo-v15-g2-i3-1115g4-8gb-1tb-ssd-m2-240gb-15-6-free.html,2023-09-04 10:49:24
notebooks,Notebook Bangho Bes T4 Intel Core I5 1021U 8Gb Ssd 240Gb 14...,599990.0,venex,https://www.venex.com.ar//notebooks/notebook-bengho-bes-t4-intel-core-i5-1021u-8gb-ssd-240gb-14-free.html,2023-09-04 10:49:24
notebooks,Notebook Bangho Max L5 I7 1165G7 Ssd 480Gb 8Gb 15.6 Fhd W11,599990.0,venex,https://www.venex.com.ar//notebooks/notebook-bangho-max-l5-i7-1165g7-ssd-480gb-8gb-15-6-fhd-w11.html,2023-09-04 10:49:24
notebooks,Notebook Dell Inspiron 3511 I5 1135G7 8Gb Ssd 256Gb 15.6 Free,599990.0,venex,https://www.venex.com.ar//notebooks/notebook-dell-inspirion-3511-i5-1135g7-8gb-ssd-256gb-15-6-free.html,2023-09-04 10:49:24
notebooks,Notebook Dell Inspiron 3520 Intel Core I5 1135G7 8Gb Ssd 256Gb...,599990.0,venex,https://www.venex.com.ar//notebooks/notebook-dell-3520-intel-core-i5-1135g7-8gb-ssd-256gb-15-6-w11.html,2023-09-04 10:49:24
notebooks,Notebook Hp 15-Dy2054La  I5 1135G7 8Gb Ssd 256Gb 15.6 W11,613639.0,venex,https://www.venex.com.ar//notebooks/notebook-hp-i5-1135g7-8gb-ssd-256gb-15-6-w11.html,2023-09-04 10:49:24
notebooks,Notebook Dell Inspiron 3511 I5 1135G7 16Gb Ssd 256Gb 15.6 Free,619990.0,venex,https://www.venex.com.ar//notebooks/notebook-dell-inspirion-3511-i5-1135g7-16gb-ssd-256gb-15-6-free.html,2023-09-04 10:49:24
notebooks,"Notebook Asus X515Ea I7 1165G7 8Gb Ssd512Gb 15.6"" Fhd Free",649990.0,venex,https://www.venex.com.ar//notebooks/notebook-asus-x515ea-i7-1165g7-8gb-ssd-512gb-15-6-free.html,2023-09-04 10:49:24
notebooks,Notebook Hp 15Tdw300 Intel Core I5 1135G7 8Gb Ssd 256Gb 15.6 Hd...,659649.0,venex,https://www.venex.com.ar//notebooks/notebook-hp-15tdw300-intel-core-i5-1135g7-8gb-ssd-256gb-15-6-w11.html,2023-09-04 10:49:24
notebooks,Notebook Asus X515Ea I7 1165G7 8Gb W Ssd 512Gb 15.6 W11,689990.0,venex,https://www.venex.com.ar//notebooks/notebook-asus-x515ea-i7-1165g7-8gb-ssd-512gb-15-6-w11.html,2023-09-04 10:49:24
notebooks,Notebook Hp Pavilon I5 1135G7 8Gb Ssd 256Gb + 16Gb Optane 13...,690329.0,venex,https://www.venex.com.ar//notebooks/notebook-hp-pavilon-i5-1135g7-8gb-ssd-256gb-16gb-optane-13-fhd-w11.html,2023-09-04 10:49:24
notebooks,Notebook Lenovo V15 G2 Ryzen 7 5700U 8Gb Ssd 256Gb 15.6 Fhd...,729990.0,venex,https://www.venex.com.ar//notebooks/notebook-lenovo-v15-g2-ryzen-7-5700u-8gb-ssd-256gb-15-6-fhd-free.html,2023-09-04 10:49:24
notebooks,Notebook Lenovo V15 G2 I5 1135G7 8Gb Ssd 256Gb 15.6 Free,749990.0,venex,https://www.venex.com.ar//notebooks/notebook-lenovo-v15-g2-i5-1135g7-8gb-ssd-256gb-15-6-free.html,2023-09-04 10:49:24
notebooks,Notebook Lenovo V15 G2 Ryzen 7 5700U 16Gb Ssd 256Gb 15.6 Fhd...,749990.0,venex,https://www.venex.com.ar//notebooks/notebook-lenovo-v15-g2-ryzen-7-5700u-16gb-ssd-256gb-15-6-fhd-free.html,2023-09-04 10:49:24
notebooks,Notebook Hp 15Dy2033 Intel Core I7 1165G7 8Gb Ssd 256Gb 15.6...,751689.0,venex,https://www.venex.com.ar//notebooks/notebook-hp-intel-core-i7-1165g7-8gb-ssd-256gb-15dy2033-15-6-w11.html,2023-09-04 10:49:24
notebooks,Notebook Xpg Xenia 14 I5 1135G7 Iris Xe Ssd 512Gb Nvme 16Gb 14...,759389.0,venex,https://www.venex.com.ar//notebooks/notebook-xpg-xenia-15-i5-1135g7-iris-xe-ssd-512gb-nvme-16gb-14-w10.html,2023-09-04 10:49:24
notebooks,Notebook Lenovo V15 G2 I5 1135G7 16Gb Ssd 256Gb 15.6 Free,769990.0,venex,https://www.venex.com.ar//notebooks/notebook-lenovo-v15-g2-i5-1135g7-16gb-ssd-256gb-15-6-free.html,2023-09-04 10:49:24
notebooks,Notebook Bangho Game Master 15Z12 I5 12500H 16Gb 1Tb Gtx 1650...,789990.0,venex,https://www.venex.com.ar//notebooks/notebook-bangho-game-master-15z12-i5-12500h-16gb-1tb-gtx-1650-15-6-free.html,2023-09-04 10:49:24
notebooks,Notebook Lenovo L15 G3 Ryzen 5 5625U 8Gb Ssd 256Gb 15.6 Fhd...,789990.0,venex,https://www.venex.com.ar//notebooks/notebook-lenovo-l15-g3-ryzen-5-5625u-8gb-ssd-256gb-15-6-fhd-free.html,2023-09-04 10:49:24
notebooks,Notebook Asus Zenbook 14 Um425Qa-Ki164W Ryzen 5 5600H 8Gb Ssd...,797739.0,venex,https://www.venex.com.ar//notebooks/notebook-asus-zenbook-um25-ryzen-5-5600h-8gb-ssd-512gb-14-w11.html,2023-09-04 10:49:24
notebooks,Notebook Bangho Game Master 15Z12 Core I5 12500H 16Gb 1Tb Gtx...,859990.0,venex,https://www.venex.com.ar//notebooks/notebook-bangho-game-master-15z12-core-i5-12500h-16gb-1tb-gtx-1650-15-6-w11.html,2023-09-04 10:49:24
notebooks,Notebook Lenovo V15 G2 I7 1165G7 8Gb 1Tb 15.6 Free2,859990.0,venex,https://www.venex.com.ar//notebooks/notebook-lenovo-v15-g2-i7-1165g7-8gb-1tb-15-6-free.html,2023-09-04 10:49:24
notebooks,Notebook Lenovo V15 G2 I7 1165G7 16Gb 1Tb Ssd 240Gb 15.6 Free,899990.0,venex,https://www.venex.com.ar//notebooks/notebook-lenovo-v15-g2-i7-1165g7-16gb-1tb-ssd-240gb-15-6-free.html,2023-09-04 10:49:24
notebooks,Notebook Bangho Game Master 15Z12 Core I5 12500H 16Gb Ssd 1Tb...,929990.0,venex,https://www.venex.com.ar//notebooks/notebook-bangho-game-master-15z12-core-i5-12400h-16gb-ssd-1tb-rtx-3050-15-6-free.html,2023-09-04 10:49:24
notebooks,Notebook Lenovo Thinkpad L15 G3 Ryzen 7 5825U 8Gb Ssd 512Gb...,929990.0,venex,https://www.venex.com.ar//notebooks/notebook-lenovo-l15-g3-ryzen-5-5825u-8gb-ssd-512gb-15-6-fhd-free.html,2023-09-04 10:49:24
notebooks,Notebook Lenovo Thinkpad E15 G3 Ryzen 7 5700U 8Gb Ssd 256Gb...,989489.0,venex,https://www.venex.com.ar//notebooks/notebook-lenovo-thinkpad-e15-g3-ryzen-7-5700u-8gb-ssd-256gb-15-6-free.html,2023-09-04 10:49:24
notebooks,Notebook  Gamer Asus Tuf Gaming F15 Fx506Lhb-Hn324W I5 10300H...,994109.0,venex,https://www.venex.com.ar//notebooks/notebook-asus-tuf-fx506lhb-i5-10300h-ssd-512gb-8gb-gtx1650-15-6-144hz-w11.html,2023-09-04 10:49:24
notebooks,Notebook Lenovo Thinkpad E14 G2 Core I7 1165G7 8Gb Ssd 256Gb 14...,1058519.0,venex,https://www.venex.com.ar//notebooks/notebook-lenovo-thinkpad-e14-g2-core-i7-1165g7-8gb-ssd-256gb-14-free.html,2023-09-04 10:49:24
notebooks,Notebook Bangho Game Master 15Z12 I7 12700H 32Gb Ssd 2Tb Rtx...,1244990.0,venex,https://www.venex.com.ar//notebooks/notebook-bangho-game-master-15z12-i7-12700h-32gb-ssd-2tb-rtx-3060-15-6-144hz-free.html,2023-09-04 10:49:24
notebooks,Notebook Gamer Asus Tuf Gaming A15 Fa506Icb-Hn118W Ryzen 7...,1276389.0,venex,https://www.venex.com.ar//notebooks/notebook-asus-tuf-fa506icb-hn118w-ryzen-7-4800h-16gb-ssd-512gb-rtx-3050-15-6-w11.html,2023-09-04 10:49:24
notebooks,Notebook Bangho Game Master 15Z12 Core I7 12700H 32Gb Ssd 2Tb...,1399990.0,venex,https://www.venex.com.ar//notebooks/notebook-bangho-game-master-15z12-core-i7-12700h-32gb-ssd-2tb-rtx-3060-15-6-144hz-w11.html,2023-09-04 10:49:24
notebooks,Notebook Apple Macbook Air M1 13 8Gb 512Gb Silver,1457409.0,venex,https://www.venex.com.ar//notebooks/notebook-apple-macbook-air-m1-13-8gb-512gb-silver.html,2023-09-04 10:49:24
notebooks,Notebook Gigabyte G5 15 I5 12500H 16Gb Ssd Nvme 512Gb Rtx 3060...,1499999.0,venex,https://www.venex.com.ar//notebooks/notebook-gigabyte-g5-15-i5-12500h-16gb-ssd-nvme-512gb-rtx-3060-15-6-free.html,2023-09-04 10:49:24
notebooks,Notebook Apple Macbook Air M1 13 8Gb 512Gb Space Grey,1510339.0,venex,https://www.venex.com.ar//notebooks/notebook-apple-macbook-air-m1-13-8gb-512gb-space-grey.html,2023-09-04 10:49:24
notebooks,Notebook Gamer Asus Rog Zephyrus G14 Ga401Ihr-K2053T Ihr Ryzen...,1534109.0,venex,https://www.venex.com.ar//notebooks/notebook-asus-rog-zephyrus-ga401-ihr-ryzen-7-4800hs-16gb-512gb-1650-14-w10.html,2023-09-04 10:49:24
notebooks,Notebook Apple Macbook Pro M1 13 Inches 8Gb 256Gb Space Grey,1603159.0,venex,https://www.venex.com.ar//notebooks/notebook-apple-macbook-pro-m1-13-8gb-256gb-space-grey.html,2023-09-04 10:49:24
notebooks,Notebook Apple Macbook Pro M1 13 8Gb 512Gb Space Grey,1670669.0,venex,https://www.venex.com.ar//notebooks/notebook-apple-macbook-pro-m1-13-8gb-512gb-space-grey.html,2023-09-04 10:49:24
notebooks,Notebook Asus Zenbook Duo 14 Ux482Egr-Ka337W Core I7 1195G7...,1687519.0,venex,https://www.venex.com.ar//notebooks/notebook-asus-zenbook-ux482egr-ka337w-core-i7-1195g7-16gb-ssd-1tb-mx-450-14-w11.html,2023-09-04 10:49:24
notebooks,Notebook Gigabyte Aero 16 Ke5 I7 12700H 16Gb Ssd 1Tb Rtx 3060P...,1999999.0,venex,https://www.venex.com.ar//notebooks/notebook-gigabyte-aero-16-ke5-i7-12700h-16gb-ssd-1tb-rtx-3060p-16-w11.html,2023-09-04 10:49:24
notebooks,Notebook Gigabyte Aero 5 Ke4 I7 12700H 16Gb Ssd 1Tb Rtx 3060...,2100959.0,venex,https://www.venex.com.ar//notebooks/notebook-gigabyte-aero-5-ke4-i7-12700h-16gb-ssd-1tb-rtx-3060-15-6-w10.html,2023-09-04 10:49:24
notebooks,Notebook Gigabyte Aero 17 Xe5 12700H 16Gb Ddr5 Nvme 1Tb + 1Tb...,2227549.0,venex,https://www.venex.com.ar//notebooks/notebook-gigabyte-aero-17-xe5-12700h-16gb-ddr5-nvme-1tb-1tb-rtx-3070ti-17-3-fhd-miniled-w11.html,2023-09-04 10:49:24
notebooks,Notebook Gigabyte Aorus 5 Se4 I7 12700H 16Gb Ssd 512Gb Rtx 3070...,2227549.0,venex,https://www.venex.com.ar//notebooks/notebook-gigabyte-aorus-5-se4-i7-12700h-16gb-ssd-512gb-rtx-3070-15-6-240hz-w11.html,2023-09-04 10:49:24
notebooks,Notebook Gigabyte Aorus 17 Xe5 I7 12700H 16Gb Ssd 1Tb Rtx...,2278169.0,venex,https://www.venex.com.ar//notebooks/notebook-gigabyte-aorus-17-ke5-i7-12700h-16gb-ssd-1tb-rtx-3070ti-p-16-w11.html,2023-09-04 10:49:24
notebooks,Notebook Gigabyte Aero 16 Ke5 I7 12700H 16Gb Ssd 1Tb Rtx 3070Ti...,2362549.0,venex,https://www.venex.com.ar//notebooks/notebook-gigabyte-aero-16-ke5-i7-12700h-16gb-ssd-1tb-rtx-3070ti-p-16-w11.html,2023-09-04 10:49:24
notebooks,Notebook Gigabyte Aorus 15 Xe4 I7 12700H 16Gb Ssd Nvme 1Tb Rtx...,2430059.0,venex,https://www.venex.com.ar//notebooks/notebook-gigabyte-aorus-15-xe4-i7-12700h-16gb-ssd-nvme-1tb-rtx-3070ti-15-6-w10.html,2023-09-04 10:49:24
notebooks,Notebook Gigabyte Aero Xe5 I7 12700H 16Gb Ssd 1Tb + 1Tb Rtx...,2446919.0,venex,https://www.venex.com.ar//notebooks/notebook-gigabyte-aero-xe5-i7-12700h-16gb-ssd-1tb-1tb-rtx-3070ti-16-w11.html,2023-09-04 10:49:24
notebooks,Notebook Gigabyte Aero 17 Ke5 I7 12700H 16Gb Ssd Nvme 1Tb Rtx...,2480689.0,venex,https://www.venex.com.ar//notebooks/notebook-gigabyte-aero-17-ke5-i7-12700h-16gb-ssd-nvme-1tb-rtx-3060-17-3-uhd-w11.html,2023-09-04 10:49:24
monitores,Espuma De Limpieza Para Monitores Y Otros,4599.0,venex,https://www.venex.com.ar//monitores/espuma-de-limpieza-para-monitores-y-otros.html,2023-09-04 10:49:26
monitores,Monitor Lg Led 19 19M38A-B,63519.0,venex,https://www.venex.com.ar//monitores/monitor-lg-led-19-19m38a-b.html,2023-09-04 10:49:26
monitores,Monitor 19 Philips 193V5Lhsb2/55 Hdmi Hd 60Hz,67490.0,venex,https://www.venex.com.ar//monitores/monitor-19-led-philips-193v5lhsb2-55-hdmi.html,2023-09-04 10:49:26
monitores,Monitor 22 Philips 221V8/77 Fhd 75Hz,74990.0,venex,https://www.venex.com.ar//monitores/monitor-22-philips-221v8-77-fhd-75hz.html,2023-09-04 10:49:26
monitores,Monitor 24 Philips 241V8L/77 Va Fhd 75Hz,84990.0,venex,https://www.venex.com.ar//monitores/monitor-24-philips-fhd-lcd-60hz.html,2023-09-04 10:49:26
monitores,Monitor 20 Led Lg 20Mk400H-B Hdmi Hd,85469.0,venex,https://www.venex.com.ar//monitores/monitor-20-led-lg-20mk400h-b-hdmi-fhd-60hz.html,2023-09-04 10:49:26
monitores,Monitor 22 Asus Vp228He-J Tn Fhd 60Hz,85990.0,venex,https://www.venex.com.ar//monitores/monitor-22-asus-vp228he-j-led-fhd-60hz.html,2023-09-04 10:49:26
monitores,Monitor 24 Noblex  91Mk24X7100 Fhd 75Hz Va,91999.0,venex,https://www.venex.com.ar//monitores/monitor-24-noblex-91mk24x7100-fhd-75hz-ips.html,2023-09-04 10:49:26
monitores,Monitor 19 Samsung Led S33A,94999.0,venex,https://www.venex.com.ar//monitores/monitor-19-samsung-led-s33a.html,2023-09-04 10:49:26
monitores,Monitor 22 Led Samsung T350 Fhd Ips 5Ms Hdmi Vga 75Hz,99999.0,venex,https://www.venex.com.ar//monitores/monitor-22-led-samsung-t350-fhd-ips-5ms-hdmi-vga-75hz.html,2023-09-04 10:49:26
monitores,Monitor 22 Led Lg 22Mp410-B Hdmi,100479.0,venex,https://www.venex.com.ar//monitores/monitor-22-led-lg-22mp410-b-hdmi.html,2023-09-04 10:49:26
monitores,Monitor 24 Hikivision Ds-D5024Fn Tft Fhd 60Hz,101239.0,venex,https://www.venex.com.ar//monitores/monitor-24-hikivision-ds-d5024fn-tft-fhd-60hz.html,2023-09-04 10:49:26
monitores,Monitor 24 Led Lg 24Mk430H-B Full Hd 75Hz,106259.0,venex,https://www.venex.com.ar//monitores/monitor-24-led-lg-24mk400h-b-full-hd-60hz.html,2023-09-04 10:49:26
monitores,Monitor 22 Hikvision Fhd 5022 Hdmi,113509.0,venex,https://www.venex.com.ar//monitores/monitor-22-hikvision-fhd-5022-hdmi.html,2023-09-04 10:49:26
monitores,Monitor 24 Led Samsung T350 Fhd Ips 5Ms 75Hz,116999.0,venex,https://www.venex.com.ar//monitores/monitor-24-led-samsung-t350h-fhd-ips-5ms-75hz.html,2023-09-04 10:49:26
monitores,"Monitor 22"" Lg 22Mk600M Fhd Ips 75Hz 5Ms",127049.0,venex,https://www.venex.com.ar//monitores/monitor-22-lg-22mk600m-fhd-ips-75hz-5ms.html,2023-09-04 10:49:26
monitores,Monitor 27 E-View 271Axa Vga/Hdmi Fhd 60Hz,134989.0,venex,https://www.venex.com.ar//monitores/monitor-27-e-view-271axa-vga-hdmi-fhd-60hz.html,2023-09-04 10:49:26
monitores,Monitor 27 Hikivision Ds-D5027Fn Tft Fhd 60Hz,138059.0,venex,https://www.venex.com.ar//monitores/monitor-27-hikivision-ds-d5027fn-tft-fhd-60hz.html,2023-09-04 10:49:26
monitores,Monitor 24 Led Lg 24Mk600M Hdmi Ips Fhd 75Hz,138599.0,venex,https://www.venex.com.ar//monitores/monitor-24-led-lg-24mk600m-hdmi-fhd-75hz.html,2023-09-04 10:49:26
monitores,Monitor 27 Philips 272V8La/5 Va Fhd 75Hz,144990.0,venex,https://www.venex.com.ar//monitores/monitor-27-philips-272v8la-5-hdmi-va-fhd-75hz.html,2023-09-04 10:49:26
monitores,Monitor 27 Led Lg 27Mk400H-B Hdmi,151869.0,venex,https://www.venex.com.ar//monitores/monitor-27-led-lg-27mk400h-b-hdmi.html,2023-09-04 10:49:26
monitores,Monitor 24 Led Samsung G50 Fhd Curvo 144Hz,154999.0,venex,https://www.venex.com.ar//monitores/monitor-24-led-samsung-g50-fhd-curvo-144hz.html,2023-09-04 10:49:26
monitores,Monitor 24 Led Samsung Curvo Cf390 Full Hd,157999.0,venex,https://www.venex.com.ar//monitores/monitor-24-led-samsung-curvo-cf390-full-hd.html,2023-09-04 10:49:26
monitores,Monitor 26 Lg Led 26Wq500-B Ultrawide 75Hz,172199.0,venex,https://www.venex.com.ar//monitores/monitor-26-lg-led-26wq500-b-ultrawide-75hz.html,2023-09-04 10:49:26
monitores,Monitor 24 Viewsonic Vx2416 Ips Fhd,179499.0,venex,https://www.venex.com.ar//monitores/monitor-24-viewsonic-vx2416-ips-fhd.html,2023-09-04 10:49:26
monitores,Monitor 24 Aoc G2490Vx 144Hz 1Ms Freesync Negro/Rouge,194990.0,venex,https://www.venex.com.ar//monitores/monitor-24-aoc-g2490vx-144hz-1ms-freesync.html,2023-09-04 10:49:26
monitores,Monitor 24 Lg 24Gn60R-B Ips Fhd 144Hz,196349.0,venex,https://www.venex.com.ar//monitores/monitor-24-lg-24gn60r-b-ips-fhd-144hz.html,2023-09-04 10:49:26
monitores,Monitor 27 Philips Curvo 27E1Sca/55 Fhd 75Hz,196990.0,venex,https://www.venex.com.ar//monitores/monitor-27-philips-curvo-27e1sca-55-full-hd.html,2023-09-04 10:49:26
monitores,Monitor 27 Viewsonic Vx27 16 Ips Fhd 100Hz,199999.0,venex,https://www.venex.com.ar//monitores/monitor-27-viewsonic-vx27-16-ips-fhd-100hz.html,2023-09-04 10:49:26
monitores,Monitor 24 Asus Vg24Vqe Fhd Va 165Hz,219990.0,venex,https://www.venex.com.ar//monitores/monitor-24-asus-vg24vqe-fhd-va-165hz.html,2023-09-04 10:49:26
monitores,Monitor 32 Led Lg 32Mn500M-B Fhd,220499.0,venex,https://www.venex.com.ar//monitores/monitor-32-led-lg-32mn500m-b-fhd.html,2023-09-04 10:49:26
monitores,Monitor 24 Gigabyte G24F 2 Ips Fhd 165Hz,220990.0,venex,https://www.venex.com.ar//monitores/monitor-24-gigabyte-g24f-2-ips-fhd-165hz.html,2023-09-04 10:49:26
monitores,Monitor 24 Viewsonic Xg240R Tn Fhd 144Hz,223969.0,venex,https://www.venex.com.ar//monitores/monitor-24-viewsonic-xg240r-tn-fhd-144hz.html,2023-09-04 10:49:26
monitores,Monitor 24 Led Viewsonic Vx2458-Mhd 144Hz 1Ms,234719.0,venex,https://www.venex.com.ar//monitores/monitor-24-led-viewsonic-vx2458-mhd-144hz-1ms.html,2023-09-04 10:49:26
monitores,Monitor 27 Aoc G2790Vx 144Hz Freesync,239990.0,venex,https://www.venex.com.ar//monitores/monitor-27-aoc-g2790vx-144hz-freesync.html,2023-09-04 10:49:26
monitores,Monitor 27 Redragon Mirror Jade Fhd 1Ms 165Hz,239990.0,venex,https://www.venex.com.ar//monitores/monitor-27-redragon-mirror-jade-fhd-1ms-165hz.html,2023-09-04 10:49:26
monitores,Monitor 25 Samsung Led Oddyssey G4 240Hz,249999.0,venex,https://www.venex.com.ar//monitores/monitor-25-samsung-led-oddyssey-g4-240hz.html,2023-09-04 10:49:26
monitores,Monitor 27 Samsung Led Oddyssey G3 Fhd 144Hz,249999.0,venex,https://www.venex.com.ar//monitores/monitor-27-samsung-led-oddyssey-g3-fhd-144hz.html,2023-09-04 10:49:26
monitores,Monitor 27 Viewsonic Omni Curvo Fhd 1Ms 165Hz,249999.0,venex,https://www.venex.com.ar//monitores/monitor-27-viewsonic-omni-curvo-fhd-1ms-165hz.html,2023-09-04 10:49:26
monitores,Monitor 29 Lg 29Wq600-B Ips Wfhd 75Hz Ultrawide,260799.0,venex,https://www.venex.com.ar//monitores/monitor-29-lg-29wq600-b-ips-wfhd-75hz-ultrawide.html,2023-09-04 10:49:26
monitores,Monitor 32 Samsung Led Flat Smart Tv M5,260799.0,venex,https://www.venex.com.ar//monitores/monitor-32-samsung-led-flat-smart-tv-m5.html,2023-09-04 10:49:26
monitores,"Monitor 27"" Led Lg 27Gl650F Fhd Ips 144Hz",270269.0,venex,https://www.venex.com.ar//monitores/monitor-27-led-lg-27gl650f.html,2023-09-04 10:49:26
monitores,Monitor 27 Aoc C27G2Ze/Bk 240Hz Curvo,274990.0,venex,https://www.venex.com.ar//monitores/monitor-27-aoc-c27g2ze-bk-240hz-curvo.html,2023-09-04 10:49:26
monitores,Monitor 27 Gigabyte G27F 2 Ips Fhd 1Ms 175Hz,274990.0,venex,https://www.venex.com.ar//monitores/monitor-27-gigabyte-g27f-fhd-144hz.html,2023-09-04 10:49:26
monitores,Monitor 32 Led Samsung T550 Curvo Fhd 1000R 75Hz,279999.0,venex,https://www.venex.com.ar//monitores/monitor-32-led-samsung-t550-curvo-fhd-1000r.html,2023-09-04 10:49:26
monitores,Monitor 27 Gigabyte G27Fc-Sa Va Fhd 165Hz,284990.0,venex,https://www.venex.com.ar//monitores/monitor-27-gigabyte-g27fc-sa-fhd-144hz-ips.html,2023-09-04 10:49:26
monitores,Monitor 27 Gigabyte M27F A Fhd Kvm Hdr 165Hz,290990.0,venex,https://www.venex.com.ar//monitores/monitor-27-gigabyte-m27f-a-fhd-kvm-hdr-165hz.html,2023-09-04 10:49:26
monitores,Monitor 27 Msi Optix G2712 Fhd Ips 170Hz,291469.0,venex,https://www.venex.com.ar//monitores/monitor-27-msi-optix-g2712-fhd-ips-170hz.html,2023-09-04 10:49:26
monitores,Monitor Viewsonic 24 Vg2455 Superclear,299139.0,venex,https://www.venex.com.ar//monitores/monitor-viewsonic-24-vg2455-superclear.html,2023-09-04 10:49:26
monitores,Monitor 27 Samsung Led Oddyssey G4 240Hz,299999.0,venex,https://www.venex.com.ar//monitores/monitor-27-samsung-led-oddyssey-g4-240hz.html,2023-09-04 10:49:26
monitores,Monitor 27 Led Lg 27Ul500-W 4K Uhd Freesync Ips 10 Bit 60Hz,306069.0,venex,https://www.venex.com.ar//monitores/monitor-27-led-lg-27ul500-w-4k-uhd-freesync-60hz.html,2023-09-04 10:49:26
monitores,Monitor 24 Led Viewsonic Xg2405 1Ms 144Hz,306819.0,venex,https://www.venex.com.ar//monitores/monitor-24-led-viewsonic-xg2405-1ms-144hz.html,2023-09-04 10:49:26
monitores,Monitor 27 Msi Optix G271C Curvo Va 165Hz,306819.0,venex,https://www.venex.com.ar//monitores/monitor-27-msi-optix-g271c-curvo-va-165hz.html,2023-09-04 10:49:26
monitores,Monitor 24 Viewsonic Omni Xg2431 Hdr400 240Hz Fhd,308359.0,venex,https://www.venex.com.ar//monitores/monitor-24-viewsonic-omini-xg2431-hdr400.html,2023-09-04 10:49:26
monitores,Monitor 27 Viewsonic Omni Vx2718-2Kpc-Mhd Curvo 1440P 165Hz Qhd,319999.0,venex,https://www.venex.com.ar//monitores/monitor-27-viewsonic-omini-curvo-1440p-165hz.html,2023-09-04 10:49:26
monitores,Monitor 27 Viewsonic Xg2705 Ips 144Hz 1Ms,319999.0,venex,https://www.venex.com.ar//monitores/monitor-27-viewsonic-xg2705-ips-144hz-1ms.html,2023-09-04 10:49:26
monitores,Monitor 34 Lg 34Wp500-B Ips Wfhd 75Hz Ultrawide Hdr10,346499.0,venex,https://www.venex.com.ar//monitores/monitor-34-lg-34wp500-b-ips-wfhd-75hz-ultrawide-hdr10.html,2023-09-04 10:49:26
monitores,Monitor 27 Led Lg 27Gp750-B Wide 240Hz Ips 1Ms,354579.0,venex,https://www.venex.com.ar//monitores/monitor-27-led-lg-27gp750-b-wide.html,2023-09-04 10:49:26
monitores,Monitor 24 Dell P2422He Fhd Usb C,360509.0,venex,https://www.venex.com.ar//monitores/monitor-24-dell-p2422he-fhd-usb-c.html,2023-09-04 10:49:26
monitores,Monitor 27 Samsung Viewfinity S6 Ips Qhd 75Hz Usb-C,369999.0,venex,https://www.venex.com.ar//monitores/monitor-27-samsung-viewfinity-s6-ips-qhd-75hz-usb-c.html,2023-09-04 10:49:26
monitores,Monitor 27 Zowie Xl2731K Led,398859.0,venex,https://www.venex.com.ar//monitores/monitor-27-zowie-xl2731k-led.html,2023-09-04 10:49:26
monitores,Monitor 32 Led Samsung Ls32Ag550Elx Curvo Gamer 165Hz,398999.0,venex,https://www.venex.com.ar//monitores/monitor-32-led-samsung-ls32ag550elx-curvo-gamer-165hz.html,2023-09-04 10:49:26
monitores,Monitor 25 Viewsonic Elite Xg250 280Hz 1Ms Fhd Hdr400 Gsync,404999.0,venex,https://www.venex.com.ar//monitores/monitor-25-viewsonic-elite-cg250-280hz-1ms-fhd-hdr400-gsync.html,2023-09-04 10:49:26
monitores,Monitor 32 Lg 32Gn600 Qhd Led 165Hz,408069.0,venex,https://www.venex.com.ar//monitores/monitor-32-lg-32gn600-fhd-led-165hz.html,2023-09-04 10:49:26
monitores,Monitor 32 Samsung Led Flat 4K Smart Tv M7,411149.0,venex,https://www.venex.com.ar//monitores/monitor-32-samsung-led-flat-4k-smart-tv-m7.html,2023-09-04 10:49:26
monitores,Monitor 27 Viewsonic Elite Xg270 Ips Fhd 240Hz G-Sync,419999.0,venex,https://www.venex.com.ar//monitores/monitor-27-viewsonic-elite-xg270-ips-fhd-240hz-g-sync.html,2023-09-04 10:49:26
monitores,Monitor 27 Viewsonic Elite Xg270Qc 165Hz Qhd,419999.0,venex,https://www.venex.com.ar//monitores/monitor-27-viewsonic-elite-xg270qc-165hz-qhd.html,2023-09-04 10:49:26
monitores,Monitor 24 Viewsonic Vg2456 Ips Fhd Tipo C Rj45,429549.0,venex,https://www.venex.com.ar//monitores/monitor-24-viewsonic-vg2456-ips-fhd-tipo-c-rj45.html,2023-09-04 10:49:26
monitores,Monitor 27 Lg 27Gp850-B Ips Qhd 165Hz 10Bit,449399.0,venex,https://www.venex.com.ar//monitores/monitor-27-lg-27gp850-b-ips-qhd-165hz-10bit.html,2023-09-04 10:49:26
monitores,Monitor 22 Viewsonic Td2230 Tactil Full Hd,498589.0,venex,https://www.venex.com.ar//monitores/monitor-22-viewsonic-td2230-full-hd.html,2023-09-04 10:49:26
monitores,Monitor 25 Gigabyte Fi25F Aorus Ips Fhd 240Hz,499990.0,venex,https://www.venex.com.ar//monitores/monitor-25-gigabyte-fi25f-aorus-ips-fhd-240hz.html,2023-09-04 10:49:26
monitores,"Monitor 24,5 Led Zowie Xl2546K-B Dark Grey 240Hz",513919.0,venex,https://www.venex.com.ar//monitores/monitor-24-led-zowie-xl2546-b-dark-grey.html,2023-09-04 10:49:26
monitores,Monitor Samsung 27 S70A 4K Hdr10,524999.0,venex,https://www.venex.com.ar//monitores/monitor-samsung-27-s70a-4k-hdr10.html,2023-09-04 10:49:26
monitores,Monitor 32 Led Lg 32Gp850-B Qhd 165Hz (*180Hz),575289.0,venex,https://www.venex.com.ar//monitores/monitor-32-led-lg-32gp850-b-qhd-165hz.html,2023-09-04 10:49:26
monitores,Monitor 27 Zowie Xl2746K Led,705689.0,venex,https://www.venex.com.ar//monitores/monitor-27-zowie-xl2746k-led.html,2023-09-04 10:49:26
monitores,Monitor 25 Viewsonic Elite Xg251G 360Hz Hdr400 Gsync,721029.0,venex,https://www.venex.com.ar//monitores/monitor-25-viewsonic-elite-xg251g-360hz-hdr400-gsync.html,2023-09-04 10:49:26
monitores,Monitor 32 Viewsonic Elite Xg320Q 175Hz,822289.0,venex,https://www.venex.com.ar//monitores/monitor-32-viewsonic-elite-xg320q-175hz.html,2023-09-04 10:49:26
monitores,Monitor 27 Lg 27Gp950-B Ips 4K 144Hz,843759.0,venex,https://www.venex.com.ar//monitores/monitor-27-lg-27gp950-b-ips-4k-144hz.html,2023-09-04 10:49:26
monitores,Monitor 32 Viewsonic Elite Xg320U 150Hz 4K,1043209.0,venex,https://www.venex.com.ar//monitores/monitor-32-viewsonic-elite-xg320u-150hz-4k.html,2023-09-04 10:49:26
monitores,Monitor 32 Lg 32Gq950-B 4K Ips Qhd 144Hz,1258949.0,venex,https://www.venex.com.ar//monitores/monitor-32-lg-32gq950-b-4k-ips-qhd-144hz.html,2023-09-04 10:49:26
monitores,Monitor 34 Samsung Led Oddyssey Oled G8 Wqhd 175Hz,1309999.0,venex,https://www.venex.com.ar//monitores/monitor-34-samsumg-led-oddyssey-oled-g8-wqhd-175hz.html,2023-09-04 10:49:26
monitores,Monitor 55 Samsung Odyssey Ark Curvo 1000R 4K 1Ms 165Hz,2219999.0,venex,https://www.venex.com.ar//monitores/monitor-55-samsung-odyssey-ark-curvo-1000r-4k-1ms-165hz.html,2023-09-04 10:49:26
outlet,Notebook Noblex Core I3 1115G4 8Gb 256Gb 14.1...,349999.0,venex,https://www.venex.com.ar//notebooks/notebook-noblex-core-i3-1115g4-8gb-256gb-14-1-fhd-w11.html,2023-09-04 10:49:27
outlet,Notebook Noblex Core I3 1115G4 8Gb 256Gb 14.1...,349999.0,venex,https://www.venex.com.ar//notebooks/notebook-noblex-core-i3-1115g4-8gb-256gb-14-1-fhd-w11.html,2023-09-04 10:49:27
outlet,Notebook Noblex Core I3 1115G4 8Gb 256Gb 14.1...,349999.0,venex,https://www.venex.com.ar//notebooks/notebook-noblex-core-i3-1115g4-8gb-256gb-14-1-fhd-w11.html,2023-09-04 10:49:27
outlet,Notebook Noblex Core I3 1115G4 8Gb 256Gb 14.1...,349999.0,venex,https://www.venex.com.ar//notebooks/notebook-noblex-core-i3-1115g4-8gb-256gb-14-1-fhd-w11.html,2023-09-04 10:49:27
outlet,Notebook Lenovo V15 G2 Ryzen 7 5700U 8Gb Ssd...,729990.0,venex,https://www.venex.com.ar//notebooks/notebook-lenovo-v15-g2-ryzen-7-5700u-8gb-ssd-256gb-15-6-fhd-free.html,2023-09-04 10:49:27
outlet,Notebook Lenovo V15 G2 Ryzen 7 5700U 8Gb Ssd...,729990.0,venex,https://www.venex.com.ar//notebooks/notebook-lenovo-v15-g2-ryzen-7-5700u-8gb-ssd-256gb-15-6-fhd-free.html,2023-09-04 10:49:27
outlet,Notebook Asus X515Ea I3 1115G4 8Gb Ssd 256Gb...,399990.0,venex,https://www.venex.com.ar//notebooks/notebook-asus-x515ea-i3-1115g4-8gb-ssd-256gb-15-6-fhd-free.html,2023-09-04 10:49:27
outlet,Notebook Asus X515Ea I3 1115G4 8Gb Ssd 256Gb...,399990.0,venex,https://www.venex.com.ar//notebooks/notebook-asus-x515ea-i3-1115g4-8gb-ssd-256gb-15-6-fhd-free.html,2023-09-04 10:49:27
outlet,Notebook Bangho Game Master 15Z12 Core I5...,929990.0,venex,https://www.venex.com.ar//notebooks/notebook-bangho-game-master-15z12-core-i5-12400h-16gb-ssd-1tb-rtx-3050-15-6-free.html,2023-09-04 10:49:27
outlet,Notebook Bangho Game Master 15Z12 Core I5...,929990.0,venex,https://www.venex.com.ar//notebooks/notebook-bangho-game-master-15z12-core-i5-12400h-16gb-ssd-1tb-rtx-3050-15-6-free.html,2023-09-04 10:49:27
outlet,Notebook Bangho Game Master 15Z12 I5 12500H...,789990.0,venex,https://www.venex.com.ar//notebooks/notebook-bangho-game-master-15z12-i5-12500h-16gb-1tb-gtx-1650-15-6-free.html,2023-09-04 10:49:27
outlet,Notebook Bangho Game Master 15Z12 I5 12500H...,789990.0,venex,https://www.venex.com.ar//notebooks/notebook-bangho-game-master-15z12-i5-12500h-16gb-1tb-gtx-1650-15-6-free.html,2023-09-04 10:49:27
outlet,Notebook Bangho Game Master 15Z12 Core I5...,859990.0,venex,https://www.venex.com.ar//notebooks/notebook-bangho-game-master-15z12-core-i5-12500h-16gb-1tb-gtx-1650-15-6-w11.html,2023-09-04 10:49:27
outlet,Notebook Bangho Game Master 15Z12 Core I5...,859990.0,venex,https://www.venex.com.ar//notebooks/notebook-bangho-game-master-15z12-core-i5-12500h-16gb-1tb-gtx-1650-15-6-w11.html,2023-09-04 10:49:27
outlet,Pc Amd Ryzen 5 4600G 16Gb Ssd 240Gb,345149.0,venex,https://www.venex.com.ar//computadoras-y-servidores/pcs-de-escritorio/pc-amd-ryzen-5-4650g-pro-16gb-ssd-240gb.html,2023-09-04 10:49:27
outlet,Pc Amd Ryzen 5 4600G 16Gb Ssd 240Gb,345149.0,venex,https://www.venex.com.ar//computadoras-y-servidores/pcs-de-escritorio/pc-amd-ryzen-5-4650g-pro-16gb-ssd-240gb.html,2023-09-04 10:49:27
outlet,Pc Amd Ryzen 5 4600G 16Gb Ssd 240Gb,345149.0,venex,https://www.venex.com.ar//computadoras-y-servidores/pcs-de-escritorio/pc-amd-ryzen-5-4650g-pro-16gb-ssd-240gb.html,2023-09-04 10:49:27
outlet,Pc Amd Ryzen 5 4600G 16Gb Ssd 240Gb,345149.0,venex,https://www.venex.com.ar//computadoras-y-servidores/pcs-de-escritorio/pc-amd-ryzen-5-4650g-pro-16gb-ssd-240gb.html,2023-09-04 10:49:27
outlet,Pc Gamer Intel Kairos Pro Core I7 10700F 16Gb...,1062359.0,venex,https://www.venex.com.ar//computadoras-y-servidores/pcs-de-escritorio/pc-intel-gamer-vlack-i3-10100f-8gb-1tb-rx-560.html,2023-09-04 10:49:27
outlet,Pc Gamer Intel Kairos Pro Core I7 10700F 16Gb...,1062359.0,venex,https://www.venex.com.ar//computadoras-y-servidores/pcs-de-escritorio/pc-intel-gamer-vlack-i3-10100f-8gb-1tb-rx-560.html,2023-09-04 10:49:27
outlet,Pc Intel Gamer Kairos I5 10400F 16Gb Ssd...,859829.0,venex,https://www.venex.com.ar//computadoras-y-servidores/pcs-de-escritorio/pc-intel-gamer-kairos-pro-i5-9400f-gtx-1660-6gb.html,2023-09-04 10:49:27
outlet,Pc Intel Gamer Kairos I5 10400F 16Gb Ssd...,859829.0,venex,https://www.venex.com.ar//computadoras-y-servidores/pcs-de-escritorio/pc-intel-gamer-kairos-pro-i5-9400f-gtx-1660-6gb.html,2023-09-04 10:49:27
outlet,Pc Intel Celeron Dual Core G5905 Ssd 240 +...,320609.0,venex,https://www.venex.com.ar//computadoras-y-servidores/pcs-de-escritorio/pc-intel-celeron-dual-core-g5905-ssd-240---led-19-philips.html,2023-09-04 10:49:27
outlet,Pc Intel Celeron Dual Core G5905 Ssd 240 +...,320609.0,venex,https://www.venex.com.ar//computadoras-y-servidores/pcs-de-escritorio/pc-intel-celeron-dual-core-g5905-ssd-240---led-19-philips.html,2023-09-04 10:49:27
outlet,Pc Amd Ryzen 7 7700 32Gb Ssd 960Gb,961879.0,venex,https://www.venex.com.ar//computadoras-y-servidores/pcs-de-escritorio/pc-amd-ryzen-7-7700-32gb-ssd-1tb.html,2023-09-04 10:49:27
outlet,Pc Amd Ryzen 7 7700 32Gb Ssd 960Gb,961879.0,venex,https://www.venex.com.ar//computadoras-y-servidores/pcs-de-escritorio/pc-amd-ryzen-7-7700-32gb-ssd-1tb.html,2023-09-04 10:49:27
outlet,Disco Solido 1Tb Corsair Force M2 Nvme,99699.0,venex,https://www.venex.com.ar//componentes-de-pc/discos-solidos-ssd/disco-solido-1tb-corsair-force-m2-nvme.html,2023-09-04 10:49:27
outlet,Disco Solido 1Tb Corsair Force M2 Nvme,99699.0,venex,https://www.venex.com.ar//componentes-de-pc/discos-solidos-ssd/disco-solido-1tb-corsair-force-m2-nvme.html,2023-09-04 10:49:27
outlet,Disco Solido 1Tb Corsair Force M2 Nvme,99699.0,venex,https://www.venex.com.ar//componentes-de-pc/discos-solidos-ssd/disco-solido-1tb-corsair-force-m2-nvme.html,2023-09-04 10:49:27
outlet,Disco Solido 1Tb Corsair Force M2 Nvme,99699.0,venex,https://www.venex.com.ar//componentes-de-pc/discos-solidos-ssd/disco-solido-1tb-corsair-force-m2-nvme.html,2023-09-04 10:49:27
outlet,Disco Solido Ssd 500Gb Kingston Fury Renegade...,69999.0,venex,https://www.venex.com.ar//componentes-de-pc/discos-solidos-ssd/disco-de-estado-solido-ssd-500gb-kingston-fury-m2-nvme-2280.html,2023-09-04 10:49:27
outlet,Disco Solido Ssd 500Gb Kingston Fury Renegade...,69999.0,venex,https://www.venex.com.ar//componentes-de-pc/discos-solidos-ssd/disco-de-estado-solido-ssd-500gb-kingston-fury-m2-nvme-2280.html,2023-09-04 10:49:27
outlet,Disco Solido Ssd Gigabyte 256Gb M2 Nvme Aorus...,42999.0,venex,https://www.venex.com.ar//componentes-de-pc/discos-solidos-ssd/disco-solido-ssd-gigabyte-256gb-m2-nvme-aorus-gen4.html,2023-09-04 10:49:27
outlet,Disco Solido Ssd Gigabyte 256Gb M2 Nvme Aorus...,42999.0,venex,https://www.venex.com.ar//componentes-de-pc/discos-solidos-ssd/disco-solido-ssd-gigabyte-256gb-m2-nvme-aorus-gen4.html,2023-09-04 10:49:27
outlet,Carry Disk Esterno Adata Ec700G M2 Pcie Sata...,39999.0,venex,https://www.venex.com.ar//almacenamiento-portatil/discos-externos/carry-disk-esterno-adata-ec700g-m2-pcie-sata-p-ssd.html,2023-09-04 10:49:27
outlet,Carry Disk Esterno Adata Ec700G M2 Pcie Sata...,39999.0,venex,https://www.venex.com.ar//almacenamiento-portatil/discos-externos/carry-disk-esterno-adata-ec700g-m2-pcie-sata-p-ssd.html,2023-09-04 10:49:27
outlet,Disco Solido Ssd Kingston 250Gb M.2 Nvme 2280...,29129.0,venex,https://www.venex.com.ar//componentes-de-pc/discos-solidos-ssd/disco-solido-kingston-250gb-m-2-nvme-2280-nv2-2100mb-s.html,2023-09-04 10:49:27
outlet,Disco Solido Ssd Kingston 250Gb M.2 Nvme 2280...,29129.0,venex,https://www.venex.com.ar//componentes-de-pc/discos-solidos-ssd/disco-solido-kingston-250gb-m-2-nvme-2280-nv2-2100mb-s.html,2023-09-04 10:49:27
outlet,Gabinete Gigabyte C300 Rgb Aorus Black,159990.0,venex,https://www.venex.com.ar//componentes-de-pc/gabinetes/gabinete-gigabyte-c300-rgb-aorus-black.html,2023-09-04 10:49:27
outlet,Gabinete Gigabyte C300 Rgb Aorus Black,159990.0,venex,https://www.venex.com.ar//componentes-de-pc/gabinetes/gabinete-gigabyte-c300-rgb-aorus-black.html,2023-09-04 10:49:27
outlet,Gabinete Gigabyte C300 Rgb Aorus Black,159990.0,venex,https://www.venex.com.ar//componentes-de-pc/gabinetes/gabinete-gigabyte-c300-rgb-aorus-black.html,2023-09-04 10:49:27
outlet,Gabinete Gigabyte C300 Rgb Aorus Black,159990.0,venex,https://www.venex.com.ar//componentes-de-pc/gabinetes/gabinete-gigabyte-c300-rgb-aorus-black.html,2023-09-04 10:49:27
outlet,Teclado Hyperx Alloy Origins Rgb 60 Hx Red,74990.0,venex,https://www.venex.com.ar//perifericos/teclados/teclado-hyperx-alloy-origins-rgb-60.html,2023-09-04 10:49:27
outlet,Teclado Hyperx Alloy Origins Rgb 60 Hx Red,74990.0,venex,https://www.venex.com.ar//perifericos/teclados/teclado-hyperx-alloy-origins-rgb-60.html,2023-09-04 10:49:27
outlet,Teclado Hyperx Alloy Mkw100 Red Ingles,49990.0,venex,https://www.venex.com.ar//perifericos/teclados/teclado-hp-hyperx-alloy-mkw100-red-eng.html,2023-09-04 10:49:27
outlet,Teclado Hyperx Alloy Mkw100 Red Ingles,49990.0,venex,https://www.venex.com.ar//perifericos/teclados/teclado-hp-hyperx-alloy-mkw100-red-eng.html,2023-09-04 10:49:27
outlet,Mouse Gamer Hyperx Pulsefire Surge Rgb,33990.0,venex,https://www.venex.com.ar//perifericos/mouse/mouse-gamer-kingston-hyperx-pulsefire-surge-rgb.html,2023-09-04 10:49:27
outlet,Mouse Gamer Hyperx Pulsefire Surge Rgb,33990.0,venex,https://www.venex.com.ar//perifericos/mouse/mouse-gamer-kingston-hyperx-pulsefire-surge-rgb.html,2023-09-04 10:49:27
outlet,Lampara Philips Hue Kit X3 Wca 9W,97859.0,venex,https://www.venex.com.ar//hogar/iluminacion/lampara-philips-hue-kit-x3-wca-9w.html,2023-09-04 10:49:27
outlet,Lampara Philips Hue Kit X3 Wca 9W,97859.0,venex,https://www.venex.com.ar//hogar/iluminacion/lampara-philips-hue-kit-x3-wca-9w.html,2023-09-04 10:49:27
outlet,Lampara Philips Hue Kit X3 Wca 9W,97859.0,venex,https://www.venex.com.ar//hogar/iluminacion/lampara-philips-hue-kit-x3-wca-9w.html,2023-09-04 10:49:27
outlet,Lampara Philips Hue Kit X3 Wca 9W,97859.0,venex,https://www.venex.com.ar//hogar/iluminacion/lampara-philips-hue-kit-x3-wca-9w.html,2023-09-04 10:49:27
outlet,Tablet Lenovo 10 Tb M10 X306F 64Gb 4Gb...,205569.0,venex,https://www.venex.com.ar//tablets/tablet-lenovo-10-tb-m10-x306f-64gb-4gb-c-funda.html,2023-09-04 10:49:27
outlet,Tablet Lenovo 10 Tb M10 X306F 64Gb 4Gb...,205569.0,venex,https://www.venex.com.ar//tablets/tablet-lenovo-10-tb-m10-x306f-64gb-4gb-c-funda.html,2023-09-04 10:49:27
outlet,Auricular Inalambrico Soundpeats Life Lite Bt,21469.0,venex,https://www.venex.com.ar//auriculares/oficina-y-urbano/auricular-inalambrico-soundpeats-life-lite-bt.html,2023-09-04 10:49:27
outlet,Auricular Inalambrico Soundpeats Life Lite Bt,21469.0,venex,https://www.venex.com.ar//auriculares/oficina-y-urbano/auricular-inalambrico-soundpeats-life-lite-bt.html,2023-09-04 10:49:27
outlet,Tira De Luz Led  Adata Xpg Prime Argb,46199.0,venex,https://www.venex.com.ar//accesorios/cables/tira-de-luz-led-adata-xpg-prime-argb.html,2023-09-04 10:49:27
outlet,Tira De Luz Led  Adata Xpg Prime Argb,46199.0,venex,https://www.venex.com.ar//accesorios/cables/tira-de-luz-led-adata-xpg-prime-argb.html,2023-09-04 10:49:27
outlet,Impresora 3D Creality Ender 3 V2 Neo Diy Kit...,299999.0,venex,https://www.venex.com.ar//impresion-3d/impresoras-3d/impresora-3d-creality-ender-3-v2-neo-diy-kit-fdm.html,2023-09-04 10:49:27
outlet,Impresora 3D Creality Ender 3 V2 Neo Diy Kit...,299999.0,venex,https://www.venex.com.ar//impresion-3d/impresoras-3d/impresora-3d-creality-ender-3-v2-neo-diy-kit-fdm.html,2023-09-04 10:49:27
placas-de-video,Soporte Para Gpu Cooler Master Argb,34339.0,venex,https://www.venex.com.ar//componentes-de-pc/placas-de-video/soporte-para-gpu-cooler-master-argb-c-riser.html,2023-09-04 10:49:28
placas-de-video,Placa De Video Palit Nvidia Geforce Gt 730 2Gb Ddr3,84369.0,venex,https://www.venex.com.ar//componentes-de-pc/placas-de-video/placa-de-video-palit-nvidia-geforce-gt730-2gb-ddr3.html,2023-09-04 10:49:28
placas-de-video,Placa De Video Asus Nvidia Gt 1030 Ddr5 2Gb,96179.0,venex,https://www.venex.com.ar//componentes-de-pc/placas-de-video/placa-de-video-asus-gt-1030-2gb-ddr5.html,2023-09-04 10:49:28
placas-de-video,Placa De Video Powercolor Rx550 Low Profile 4Gb Gddr5,148799.0,venex,https://www.venex.com.ar//componentes-de-pc/placas-de-video/placa-de-video-powercolor-rx550-4gb-gddr5.html,2023-09-04 10:49:28
placas-de-video,Placa De Video Palit Nvidia Geforce Gtx 1050 Ti Stormx 4Gb...,230109.0,venex,https://www.venex.com.ar//componentes-de-pc/placas-de-video/placa-de-video-palit-nvidia-geforce-gtx-1050ti-stormx-4gb-gddr5.html,2023-09-04 10:49:28
placas-de-video,Placa De Video Asus Nvidia Geforce Gtx 1650 Oc Phoenix 4Gb Ddr5,237779.0,venex,https://www.venex.com.ar//componentes-de-pc/placas-de-video/placa-de-video-asus-nvidia-geforce-gtx-1650-4g-phoenix.html,2023-09-04 10:49:28
placas-de-video,Placa De Video Nvidia Geforce Gtx 1650 Oc 4G Phoenix Gddr6,248519.0,venex,https://www.venex.com.ar//componentes-de-pc/placas-de-video/placa-de-video-nvidia-geforce-gtx-1650-oc-4g-phoenix.html,2023-09-04 10:49:28
placas-de-video,Placa De Video Asus Nvidia Geforce Gtx 1660 Super Tuf Gaming Oc...,360509.0,venex,https://www.venex.com.ar//componentes-de-pc/placas-de-video/placa-de-video-asus-nvidia-geforce-gtx-1660-super-tuf-gaming-oc-6gb-dual.html,2023-09-04 10:49:28
placas-de-video,Placa De Video Powercolor Amd Radeon Rx 6700 10Gb Gddr6 2235...,362819.0,venex,https://www.venex.com.ar//componentes-de-pc/placas-de-video/placa-de-video-powercolor-amd-radeon-rx-6700-10gb-gddr6-2235-oem.html,2023-09-04 10:49:28
placas-de-video,Placa De Video Palit Nvidia Geforce Gtx 1660 Ti 6G Dual,396549.0,venex,https://www.venex.com.ar//componentes-de-pc/placas-de-video/placa-de-video-palit-nvidia-geforce-gtx-1660-ti-6g-dual.html,2023-09-04 10:49:28
placas-de-video,Placa De Video Pny Nvidia Geforce Rtx 3050 Dual Verto 4X...,399999.0,venex,https://www.venex.com.ar//componentes-de-pc/placas-de-video/placa-de-video-pny-nvidia-geforce-rtx-3050-dual-verto-4x-monitor-8gb-gddr6.html,2023-09-04 10:49:28
placas-de-video,Placa De Video Pny Nvidia Geforce Rtx 3050 Dual Verto 8Gb Gddr6,399999.0,venex,https://www.venex.com.ar//componentes-de-pc/placas-de-video/placa-de-video-pny-nvidia-geforce-rtx-350-dual-verto-8gb-gddr6.html,2023-09-04 10:49:28
placas-de-video,Placa De Video Powercolor Amd Radeon Rx 6700 Xt Red Devil 12Gb,452559.0,venex,https://www.venex.com.ar//componentes-de-pc/placas-de-video/placa-de-video-powercolor-amd-radeon-6700-xt-red-devil-12gb.html,2023-09-04 10:49:28
placas-de-video,Placa De Video Palit Nvidia Geforce Rtx 3060 Ti Dual 8Gb Gddr6...,455639.0,venex,https://www.venex.com.ar//componentes-de-pc/placas-de-video/placa-de-video-palit-nvidia-geforce-rtx-3060ti-dual-8gb-gddr6-256bit.html,2023-09-04 10:49:28
placas-de-video,Placa De Video Asus Rog Strix Nvidia Geforce Rtx 4070Ti 12Gb...,1046259.0,venex,https://www.venex.com.ar//componentes-de-pc/placas-de-video/placa-de-video-asus-rog-strix-nvidia-geforce-rtx-4070ti-12gb-gaming-gddr6x.html,2023-09-04 10:49:28
placas-de-video,Placa De Video Asus Tuf Nvidia Geforce Rtx 4070Ti O12Gb Gaming,1096889.0,venex,https://www.venex.com.ar//componentes-de-pc/placas-de-video/placa-de-video-asus-tuf-nvidia-geforce-rtx-4070ti-o12gb-gaming.html,2023-09-04 10:49:28
placas-de-video,Placa De Video Palit Nvidia Geforce Rtx 4080 Gamerock 16Gb...,1198139.0,venex,https://www.venex.com.ar//componentes-de-pc/placas-de-video/placa-de-video-palit-nvidia-geforce-rtx-4080-gamerock-16gb-gddr6x.html,2023-09-04 10:49:28
placas-de-video,Placa De Video Palit Nvidia Geforce Rtx 4080 Gamerock Oc 16Gb...,1231899.0,venex,https://www.venex.com.ar//componentes-de-pc/placas-de-video/placa-de-video-palit-nvidia-geforce-rtx-4080-gamerock-oc-16gb-gddr6x.html,2023-09-04 10:49:28
placas-de-video,Placa De Video Pny Nvidia Geforce Rtx 4070Ti Verto 12Gb Gddr6X,1334689.0,venex,https://www.venex.com.ar//componentes-de-pc/placas-de-video/placa-de-video-pny-nvidia-geforce-rtx-4070ti-verto-12gb-gddr6x.html,2023-09-04 10:49:28
placas-de-video,Placa De Video Gigabyte Nvidia Geforce Rtx 4080 Eagle 16Gb...,1620029.0,venex,https://www.venex.com.ar//componentes-de-pc/placas-de-video/placa-de-video-ggiabyte-nvidia-geforce-rtx-4080-eagle-16gb-gddr6x.html,2023-09-04 10:49:28
placas-de-video,Placa De Video Asus Rog Strix Nvidia Geforce Rtx 4080 Oc 16Gb...,1771909.0,venex,https://www.venex.com.ar//componentes-de-pc/placas-de-video/placa-de-video-asus-rog-strix-nvidia-geforce-rtx-4080-16gb-gddr6x.html,2023-09-04 10:49:28
placas-de-video,Placa De Video Gigabyte Nvidia Geforce Rtx 4080 Aero Oc 16Gb...,1788779.0,venex,https://www.venex.com.ar//componentes-de-pc/placas-de-video/placa-de-video-gigabyte-nvisia-geforce-rtx-4080-aero-oc-16gb-gddr6x.html,2023-09-04 10:49:28
placas-de-video,Placa De Video Pny Nvidia Geforce Rtx 4080 Xlr8 Gaming Verto...,1917659.0,venex,https://www.venex.com.ar//componentes-de-pc/placas-de-video/placa-de-video-pny-nvidia-geforce-rtx-4080-xlr8-gaming-verto-epic-x-16gb-gddr6x.html,2023-09-04 10:49:28
placas-de-video,Placa De Video Palit Nvidia Geforce Rtx 4090 Gamerock 24Gb...,2040389.0,venex,https://www.venex.com.ar//componentes-de-pc/placas-de-video/placa-de-video-palit-nvidia-geforce-rtx-4090-gamerock-24gb-gddr6x.html,2023-09-04 10:49:28
placas-de-video,Placa De Video Palit Nvidia Geforce Rtx 4090 Gamerock Oc 24Gb...,2101749.0,venex,https://www.venex.com.ar//componentes-de-pc/placas-de-video/placa-de-video-palit-nvidia-geforce-rtx-4090-gamerock-oc-24gb-gddr6x.html,2023-09-04 10:49:28
placas-de-video,Placa De Video Nvidia Geforce Rtx 4090 Gaming Trio 24Gb Gddr6X,2219099.0,venex,https://www.venex.com.ar//componentes-de-pc/placas-de-video/placa-de-video-nvidia-geforce-rtx-4090-gaming-trio-24gb-gddr6x.html,2023-09-04 10:49:28
placas-de-video,Placa De Video Asus Rog Strix Nvidia Geforce Rtx 4090 24Gb Oc...,2446919.0,venex,https://www.venex.com.ar//componentes-de-pc/placas-de-video/placa-de-video-asus-rog-strix-nvidia-geforce-rtx-4090-24gb-oc-gddr6x.html,2023-09-04 10:49:28
placas-de-video,Placa De Video Zotac Nvidia Geforce Rtx 4090 Amp White Extreme...,2446919.0,venex,https://www.venex.com.ar//componentes-de-pc/placas-de-video/placa-de-video-zotac-nvidia-geforce-rtx-4090-amp-white-extreme-24gb-gddr6x.html,2023-09-04 10:49:28
placas-de-video,Placa De Video Nvidia Geforce Rtx 4090 Xlr8 Gaming Verto Epic X...,2531309.0,venex,https://www.venex.com.ar//componentes-de-pc/placas-de-video/placa-de-video-nvidia-geforce-rtx-4090-xlr8-gaming-verto-epic-x-rgb-24gb-gddr6x.html,2023-09-04 10:49:28
memorias-ram,Memoria Ram Ddr4 4Gb 2666Mhz Corsair Valueselect,13769.0,venex,https://www.venex.com.ar//memorias-ram/pc-de-escritorio/memoria-ram-ddr4-4gb-2666mhz-corsair-valueselect.html,2023-09-04 10:49:30
memorias-ram,Memoria Ram Crucial Ddr4 4Gb 2666Mhz,15309.0,venex,https://www.venex.com.ar//memorias-ram/pc-de-escritorio/memoria-ram-crucial-ddr4-4gb-2666mhz.html,2023-09-04 10:49:30
memorias-ram,Memoria Ram Ddr4 4Gb 2666Mhz Adata,15309.0,venex,https://www.venex.com.ar//memorias-ram/pc-de-escritorio/memoria-ram-ddr4-2666mhz-adata.html,2023-09-04 10:49:30
memorias-ram,Memoria Ram Ddr3L 4Gb 1600Mhz Markvision Bulk,15339.0,venex,https://www.venex.com.ar//memorias-ram/pc-de-escritorio/memoria-ram-ddr3-4gb-1600mhz-markvision.html,2023-09-04 10:49:30
memorias-ram,Memoria Ram Hikvision Sodimm Ddr3 4Gb 1600Mhz,16859.0,venex,https://www.venex.com.ar//memorias-ram/notebook/memoria-ram-hikvision-sodimm-ddr3-4gb-1600mhz.html,2023-09-04 10:49:30
memorias-ram,Memoria Ram Patriot Sodimm Ddr3 4Gb 1600Mhz,16859.0,venex,https://www.venex.com.ar//memorias-ram/notebook/memoria-ram-patriot-sodimm-ddr3-4gb-1600mhz.html,2023-09-04 10:49:30
memorias-ram,Memoria Ram Sodimm Ddr3 4Gb 1600Mhz Oem Bulk,16859.0,venex,https://www.venex.com.ar//memorias-ram/notebook/memoria-ram-sodimm-ddr3-4gb-1600mhz-oem-bulk.html,2023-09-04 10:49:30
memorias-ram,Memoria Ram Ddr3 1600Mhz 4Gb 1600Mhz Adata Oem Bulk,16869.0,venex,https://www.venex.com.ar//memorias-ram/pc-de-escritorio/ddr3-4gb-1600mhz-cl11-adata---.html,2023-09-04 10:49:30
memorias-ram,Memoria Ram Notebook Sodimm Ddr4 4Gb 2400Mhz Markvision Bulk,18389.0,venex,https://www.venex.com.ar//memorias-ram/notebook/memoria-ram-notebook-ddr4-4gb-2400mhz-markvision-bulk.html,2023-09-04 10:49:30
memorias-ram,Memoria Ram Notebook Sodimm Ddr4 4Gb 2666Mhz Adata 1.35V,18389.0,venex,https://www.venex.com.ar//memorias-ram/notebook/memoria-ram-ddr4-4gb-sodimm-2666-adata-135.html,2023-09-04 10:49:30
memorias-ram,Memoria Ram Ddr4 8Gb 2666Mhz Crucial,21459.0,venex,https://www.venex.com.ar//memorias-ram/pc-de-escritorio/memoria-ram-ddr4-8gb-2666mhz-crucial-bulk.html,2023-09-04 10:49:30
memorias-ram,Memoria Ram Ddr4 8Gb 2666Mhz Oem Bulk,21459.0,venex,https://www.venex.com.ar//memorias-ram/pc-de-escritorio/fgh.html,2023-09-04 10:49:30
memorias-ram,Memoria Ram Ddr4 8Gb 2666Mhz Patriot Signature Cl19,21459.0,venex,https://www.venex.com.ar//memorias-ram/pc-de-escritorio/memoria-ram-8gb-2666mhz-patriot-signature-cl19.html,2023-09-04 10:49:30
memorias-ram,Memoria Ram Ddr4 8Gb 3200Mhz Patriot Sl,21459.0,venex,https://www.venex.com.ar//memorias-ram/pc-de-escritorio/memoria-ram-ddr4-8gb-3200mhz-patriot-sl.html,2023-09-04 10:49:30
memorias-ram,Memoria Ram Ddr4 Kingston 4Gb 2666Mhz,21459.0,venex,https://www.venex.com.ar//memorias-ram/pc-de-escritorio/memoria-ram-ddr4-2666mhz-kingston.html,2023-09-04 10:49:30
memorias-ram,Memoria Ram Lexar 8Gb Ddr4 3200Mhz,21459.0,venex,https://www.venex.com.ar//memorias-ram/pc-de-escritorio/memoria-ram-lexar-8gb-ddr4-3200mhz.html,2023-09-04 10:49:30
memorias-ram,Memoria Ram Kingston Fury Beast Ddr4 8Gb 2666Mhz,22989.0,venex,https://www.venex.com.ar//memorias-ram/pc-de-escritorio/memoria-ram-ddr4-8gb-2666mhz-kingston-fury-beast.html,2023-09-04 10:49:30
memorias-ram,Memoria Ram Ddr3 8Gb 1600Mhz Markvision Bulk,22999.0,venex,https://www.venex.com.ar//memorias-ram/pc-de-escritorio/memoria-ram-ddr3-8gb-1600mhz-markvision-bulk.html,2023-09-04 10:49:30
memorias-ram,Memoria Ram Notebook Ddr3 8Gb 1600Mhz Markvision Bulk,22999.0,venex,https://www.venex.com.ar//memorias-ram/notebook/memoria-ram-notebook-ddr3-8gb-1600mhz-markvision-bulk.html,2023-09-04 10:49:30
memorias-ram,Memoria Ram Sodimm Ddr3 8Gb 1600Mhz Oem Bulk,22999.0,venex,https://www.venex.com.ar//memorias-ram/notebook/memoria-ram-sodimm-ddr3-8gb-1600mhz-oem.html,2023-09-04 10:49:30
memorias-ram,Memoria Ram Ddr4 8Gb 3200Mhz Pny Xlr8 Gaming,24529.0,venex,https://www.venex.com.ar//memorias-ram/pc-de-escritorio/m.html,2023-09-04 10:49:30
memorias-ram,Memoria Ram Kingston Ddr4 8Gb 3200Mhz,24529.0,venex,https://www.venex.com.ar//memorias-ram/pc-de-escritorio/memoria-ram-kingston-ddr4-8gb-3200mhz.html,2023-09-04 10:49:30
memorias-ram,Memoria Ram Kingston Fury Beast Ddr4 8Gb 3200Mhz,24529.0,venex,https://www.venex.com.ar//memorias-ram/pc-de-escritorio/memoria-ram-ddr4-8gb-3200mhz-kingston-fury-beast.html,2023-09-04 10:49:30
memorias-ram,Memoria Ram Kingston Sodimm Ddr4 4Gb 3200Mhz,24529.0,venex,https://www.venex.com.ar//memorias-ram/notebook/memoria-ram-kingston-soddim-ddr4-4gb-3200mhz.html,2023-09-04 10:49:30
memorias-ram,Memoria Ram Pny Ddr4 8Gb 3200Mhz Xlr8 Gaming Low Profile,24529.0,venex,https://www.venex.com.ar//memorias-ram/pc-de-escritorio/memoria-ram-pny-ddr4-8gb-3200mhz-xlr8-gaming-low-profile.html,2023-09-04 10:49:30
memorias-ram,Ddr3 8Gb 1600Mhz Adata,24539.0,venex,https://www.venex.com.ar//memorias-ram/pc-de-escritorio/ddr3-8gb-1600mhz-cl9-adata-memox.html,2023-09-04 10:49:30
memorias-ram,Memoria Ram Ddr3 8Gb 1600Mhz Patriot,24539.0,venex,https://www.venex.com.ar//memorias-ram/pc-de-escritorio/memoria-ram-ddr3-8gb-1600mhz-patriot.html,2023-09-04 10:49:30
memorias-ram,Memoria Ram Sodimm Ddr3 8Gb 1600Mhz Patriot,24539.0,venex,https://www.venex.com.ar//memorias-ram/notebook/memoria-ram-sodimm-ddr3-8gb-1600mhz-patriot.html,2023-09-04 10:49:30
memorias-ram,Memoria Ram Markvision Ddr4 Sodimm 8Gb 3000Mhz Bulk,25299.0,venex,https://www.venex.com.ar//memorias-ram/notebook/memoria-ram-markvision-ddr4-sodimm-8gb-3000mhz-bulk.html,2023-09-04 10:49:30
memorias-ram,Memoria Ram Patriot Sodimm Ddr4 8Gb 2666Mhz,25299.0,venex,https://www.venex.com.ar//memorias-ram/notebook/memoria-ram-sodimm-ddr4-8gb-2666mhz-patriot.html,2023-09-04 10:49:30
memorias-ram,Memoria Ram Ddr4 8Gb 3200Mhz Adata Xpg Gammix D30 Red,26049.0,venex,https://www.venex.com.ar//memorias-ram/pc-de-escritorio/memoria-ram-ddr4-8gb-3200mhz-adata-xpg-gammix-d30-red.html,2023-09-04 10:49:30
memorias-ram,Memoria Ram Ddr4 8Gb 3200Mhz Patriot Viper Steel Cl 16,26049.0,venex,https://www.venex.com.ar//memorias-ram/pc-de-escritorio/memoria-ram-ddr4-8gb-3200mhz-patriot-viper-steel-cl16.html,2023-09-04 10:49:30
memorias-ram,Memoria Ram Kingston Ddr4 8Gb 2666Mhz,26049.0,venex,https://www.venex.com.ar//memorias-ram/pc-de-escritorio/memoria-ram-ddr4-8gb-2666mhz-kingston.html,2023-09-04 10:49:30
memorias-ram,Memoria Ram 8Gb 3200Mhz Corsair Vengeance Lpx Black,27589.0,venex,https://www.venex.com.ar//memorias-ram/pc-de-escritorio/memoria-ram-8gb-3200mhz-corsair-vengeance-lpx-black.html,2023-09-04 10:49:30
memorias-ram,Memoria Ram Ddr4 8Gb 3200Mhz Patriot Viper Steel Rgb Black Cl18,27589.0,venex,https://www.venex.com.ar//memorias-ram/pc-de-escritorio/memoria-ram-ddr4-8gb-3200mhz-patriot-viper-steel-rgb-black-cl18.html,2023-09-04 10:49:30
memorias-ram,Memoria Ram Kingston Notebook Sodimm Ddr4 8Gb 2666Mhz 1.2V,28349.0,venex,https://www.venex.com.ar//memorias-ram/notebook/memoria-ram-notebook-ddr4-8gb-2666mhz-kingston-12v.html,2023-09-04 10:49:30
memorias-ram,Memoria Ram Sodimm Kingston Ddr4 8Gb 3200Mhz,28349.0,venex,https://www.venex.com.ar//memorias-ram/notebook/memoria-ram-sodimm-kingston-ddr4-8gb-3200mhz.html,2023-09-04 10:49:30
memorias-ram,Memoria Ram Hikvision Ddr4 8Gb 2666Hz,28649.0,venex,https://www.venex.com.ar//memorias-ram/pc-de-escritorio/memoria-ram-hikvision-ddr4-8gb-2666hz.html,2023-09-04 10:49:30
memorias-ram,Memoria Ram Ddr4 8Gb 3200Mhz Pny Xlr8 Rgb Gaming,28859.0,venex,https://www.venex.com.ar//memorias-ram/pc-de-escritorio/memoria-ram-ddr4-8gb-3200mhz-pny-xlr8-gaming.html,2023-09-04 10:49:30
memorias-ram,Memoria Ram Pny Ddr4 8Gb 3200Mhz Silver Rgb,28859.0,venex,https://www.venex.com.ar//memorias-ram/pc-de-escritorio/memoria-ram-pny-ddr4-8gb-3200mhz-silver-rgb.html,2023-09-04 10:49:30
memorias-ram,Memoria Ram Ddr4 8Gb 3600Mhz Patriot Viper Steel Cl18,29129.0,venex,https://www.venex.com.ar//memorias-ram/pc-de-escritorio/memoria-ram-ddr4-8gb-3600mhz-patriot-viper-4-steel-cl18.html,2023-09-04 10:49:30
memorias-ram,Memoria Ram Ddr4 Corsair Vengance 8Gb 3600Mhz Lpx C18 1X8,29129.0,venex,https://www.venex.com.ar//memorias-ram/pc-de-escritorio/memoria-ram-ddr4-corsair-vengance-8gb-3600mhz-lpx-c18-1x8.html,2023-09-04 10:49:30
memorias-ram,Memoria Ram Pny 8Gb Ddr4 3600Mhz Rgb,30019.0,venex,https://www.venex.com.ar//memorias-ram/pc-de-escritorio/memoria-ram-pny-8gb-ddr4-3600mhz-rgb.html,2023-09-04 10:49:30
memorias-ram,Memoria Ram Pny Ddr4 8Gb 3200Mhz Xlr8 Rgb Gaming White,30019.0,venex,https://www.venex.com.ar//memorias-ram/pc-de-escritorio/memoria-ram-pny-ddr4-8gb-3200mhz-xlr8-rgb-gaming-white.html,2023-09-04 10:49:30
memorias-ram,Memoria Ram  Kingston Fury Beast Ddr4 8Gb 3200Mhz Rgb,30039.0,venex,https://www.venex.com.ar//memorias-ram/pc-de-escritorio/memoria-ram-ddr4-8gb-3200mhz-kingston-fury-beast-rgb.html,2023-09-04 10:49:30
memorias-ram,Memoria Ram Adata Ddr4 8Gb 3600Mhz Xpg Gammix D30 Red,30659.0,venex,https://www.venex.com.ar//memorias-ram/pc-de-escritorio/memoria-ram-adata-ddr4-8gb-3600mhz-xpg-gammix-d30-red.html,2023-09-04 10:49:30
memorias-ram,Memoria Ram Ddr4 8Gb 3200Mhz Adata Xpg Spectrix D60G Rgb,30659.0,venex,https://www.venex.com.ar//memorias-ram/pc-de-escritorio/memoria-ram-ddr4-8gb-3200mhz-adata-xpg-spectrix-d60g-rgb.html,2023-09-04 10:49:30
memorias-ram,Memoria Ram Ddr4 8Gb 3600Mhz Patriot Viper Steel Rgb Black Cl20,30659.0,venex,https://www.venex.com.ar//memorias-ram/pc-de-escritorio/memopria-ram-ddr4-8gb-3600mhz-patriot-viper-steel-rgb-black-cl20.html,2023-09-04 10:49:30
memorias-ram,Memoria Ram Kingston Fury Beast Ddr4 4Gb 2666Mhz Cl16,30659.0,venex,https://www.venex.com.ar//memorias-ram/pc-de-escritorio/memoria-ram-ddr4-4gb-2666mhz-kingston-fury-beast-cl16.html,2023-09-04 10:49:30
memorias-ram,Memoria Ram Ddr4 8Gb 3000Mhz Corsair Vengeance Lpx 1X8,33719.0,venex,https://www.venex.com.ar//memorias-ram/pc-de-escritorio/memoria-ram-ddr4-8gb-3000mhz-corsair-vengeance-lpx-1x8.html,2023-09-04 10:49:30
memorias-ram,Memoria Ram Kingston Fury Renegade Ddr4 8Gb 3200Mhz Rgb,33719.0,venex,https://www.venex.com.ar//memorias-ram/pc-de-escritorio/memoria-ram-ddr4-8gb-3200mhz-kingston-fury-renegade-rgb.html,2023-09-04 10:49:30
memorias-ram,Memoria Ram Ddr4 8Gb 3600Mhz Adata Xpg Spectrix D60G Rgb,35259.0,venex,https://www.venex.com.ar//memorias-ram/pc-de-escritorio/memoria-ram-ddr4-3600mhz-adata-xpg-spectrix-d60g-rgb.html,2023-09-04 10:49:30
memorias-ram,Memoria Ram Kingston Fury Beast Ddr4 8Gb 3600Mhz,35259.0,venex,https://www.venex.com.ar//memorias-ram/pc-de-escritorio/memoria-ram-ddr4-8gb-3600mhz-kingston-fury-beast.html,2023-09-04 10:49:30
memorias-ram,Memoria Ram Kingston Fury Beast Ddr4 8Gb 3600Mhz Rgb,36809.0,venex,https://www.venex.com.ar//memorias-ram/pc-de-escritorio/memoria-ram-ddr4-8gb-3600mhz-kingston-fury-beast-rgb.html,2023-09-04 10:49:30
memorias-ram,Memoria Ram Kingston Fury Beast Ddr4 8Gb 2666Mhz Rgb,38329.0,venex,https://www.venex.com.ar//memorias-ram/pc-de-escritorio/memoria-ram-ddr4-8gb-2666mhz-kingston-fury-beast-rgb.html,2023-09-04 10:49:30
memorias-ram,Memoria Ram Kingston Fury Renegade Ddr4 8Gb 3600Mhz Rgb,39869.0,venex,https://www.venex.com.ar//memorias-ram/pc-de-escritorio/memoria-ram-ddr4-8gb-3600mhz-kingston-fury-renegade-rgb.html,2023-09-04 10:49:30
memorias-ram,Memoria Ram Lexar Sodimm Ddr4 16Gb 3200Mhz,39999.0,venex,https://www.venex.com.ar//memorias-ram/notebook/memoria-ram-lexar-sodimm-ddr4-16gb-3200mhz.html,2023-09-04 10:49:30
memorias-ram,Memoria Ram Adata Soddimm Ddr4 16Gb 3200Mhz,44469.0,venex,https://www.venex.com.ar//memorias-ram/notebook/memoria-ram-adata-soddimm-ddr4-16gb-3200mhz.html,2023-09-04 10:49:30
memorias-ram,Memoria Ram Patriot Sodimm Ddr4 16Gb 3200Mhz,44469.0,venex,https://www.venex.com.ar//memorias-ram/notebook/memoria-ram-patriot-sodimm-ddr4-16gb-3200mhz.html,2023-09-04 10:49:30
memorias-ram,Memoria Ram Lexar 16Gb 3200Mhz Hades 2X8Gb Ddr4,44999.0,venex,https://www.venex.com.ar//memorias-ram/pc-de-escritorio/memoria-ram-lexar-16gb-3200mhz-hades-2x8gb.html,2023-09-04 10:49:30
memorias-ram,Memoria Ram Ddr4 16Gb 3200Mhz Pny Xlr8 Gaming,45999.0,venex,https://www.venex.com.ar//memorias-ram/pc-de-escritorio/memoria-ram-ddr4-16gb-3200mhz-pny-xlr8-gaming.html,2023-09-04 10:49:30
memorias-ram,Memoria Ram Notebook Ddr4 16Gb 2666Mhz Kingston Sodimm,45999.0,venex,https://www.venex.com.ar//memorias-ram/notebook/memoria-ram-notebook-ddr4-16gb-2666mhz-kingston.html,2023-09-04 10:49:30
memorias-ram,Memoria Ram Pny Ddr4 16Gb 3200Mhz Xlr8 Gaming Low Profile,45999.0,venex,https://www.venex.com.ar//memorias-ram/pc-de-escritorio/memoria-ram-pny-ddr4-16gb-3200mhz-xlr8-gaming-low-profile.html,2023-09-04 10:49:30
memorias-ram,Memoria Ram Adata Sodimm Ddr5 8Gb 5600Mhz,46009.0,venex,https://www.venex.com.ar//memorias-ram/notebook/memoria-ram-adata-sodimm-ddr5-8gb-5600mhz.html,2023-09-04 10:49:30
memorias-ram,Memoria Ram Adata Ddr4 16Gb 3200Mhz Xpg Gammix D30 Red,49079.0,venex,https://www.venex.com.ar//memorias-ram/pc-de-escritorio/memoria-ram-adata-ddr4-16gb-3200mhz-xpg-gammix-d30-red.html,2023-09-04 10:49:30
memorias-ram,Memoria Ram Pny Ddr5 8Gb 4800Mhz Performance,49649.0,venex,https://www.venex.com.ar//memorias-ram/pc-de-escritorio/memoria-ram-pny-ddr5-8gb-4800mhz-performance.html,2023-09-04 10:49:30
memorias-ram,Memoria Ram Ddr4 16Gb 3200Mhz Adata Xpg Gammix D30 2X8,50599.0,venex,https://www.venex.com.ar//memorias-ram/pc-de-escritorio/memoria-ram-ddr4-16gb-3200mhz-adata-xpg-gammix-d30-2x8.html,2023-09-04 10:49:30
memorias-ram,Memoria Ram  Kingston Fury Beast Ddr4 16Gb 3200Mhz Cl16,52129.0,venex,https://www.venex.com.ar//memorias-ram/pc-de-escritorio/memoria-ram-ddr4-16gb-3200mhz-kingston-fury-beast-cl16.html,2023-09-04 10:49:30
memorias-ram,Memoria Ram Ddr4 16Gb 3200Mhz Patriot Viper 4 Blackout Cl16 2X8,52129.0,venex,https://www.venex.com.ar//memorias-ram/pc-de-escritorio/memoria-ram-ddr4-16gb-3200mhz-patriot-viper-4-blackout-cl16-2x8.html,2023-09-04 10:49:30
memorias-ram,Memoria Ram Ddr4 16Gb 3200Mhz Patriot Viper Steel Cl16 2X8,52129.0,venex,https://www.venex.com.ar//memorias-ram/pc-de-escritorio/memoria-ram-ddr4-16gb-3200mhz-patriot-viper-steel-cl16-2x8.html,2023-09-04 10:49:30
memorias-ram,Memoria Ram Ddr4 16Gb 3200Mhz Patriot Viper Steel Rgb Cl18,52129.0,venex,https://www.venex.com.ar//memorias-ram/pc-de-escritorio/memoria-ram-ddr4-16gb-3200mhz-patriot-viper-steel-rgb-cl18.html,2023-09-04 10:49:30
memorias-ram,Memoria Ram Ddr4 16Gb 3200Mhz Pny Xlr8 Rgb Gaming,53119.0,venex,https://www.venex.com.ar//memorias-ram/pc-de-escritorio/memoria-ram-ddr4-16gb-3200mhz-pny-xlr8-rgb-gaming.html,2023-09-04 10:49:30
memorias-ram,Memoria Ram Pny Ddr4 16Gb 3200Mhz Silver Rgb,53119.0,venex,https://www.venex.com.ar//memorias-ram/pc-de-escritorio/memoria-ram-pny-ddr4-16gb-3200mhz-silver-rgb.html,2023-09-04 10:49:30
memorias-ram,Memoria Ram Pny Ddr4 16Gb 3200Mhz Xlr8 Rgb Gaming White,53119.0,venex,https://www.venex.com.ar//memorias-ram/pc-de-escritorio/memoria-ram-pny-ddr4-16gb-3200mhz-xlr8-rgb-gaming-white.html,2023-09-04 10:49:30
memorias-ram,Memoria Ram Adata 16Gb 3200Mhz Xpg Gammix D45 2X8,55209.0,venex,https://www.venex.com.ar//memorias-ram/pc-de-escritorio/memoria-ram-adata-16gb-3200mhz-xpg-gammix-d45-2x8.html,2023-09-04 10:49:30
memorias-ram,Memoria Ram Corsair Vengance Ddr4 16Gb 3200Mhz Rgb C16 2X8,55209.0,venex,https://www.venex.com.ar//memorias-ram/pc-de-escritorio/memoria-ram-corsair-vnegance-ddr4-16gb-3200mhz-rgb-c16-2x8.html,2023-09-04 10:49:30
memorias-ram,Memoria Ram  Kingston Fury Beast  Ddr4 16Gb 3200Mhz Rgb Cl16,56729.0,venex,https://www.venex.com.ar//memorias-ram/pc-de-escritorio/memoria-ram-ddr4-16gb-3200mhz-kingston-fury-beast-rgb-cl16.html,2023-09-04 10:49:30
memorias-ram,Memoria Ram Adata Ddr4 16Gb 3600Mhz Xpg Gammix D20,58269.0,venex,https://www.venex.com.ar//memorias-ram/pc-de-escritorio/memoria-ram-adata-ddr4-16gb-3600mhz-xpg-gammix-d20.html,2023-09-04 10:49:30
memorias-ram,Memoria Ram Ddr4 16Gb 3200Mhz Adata Xpg Spectrix D60G Rgb,58269.0,venex,https://www.venex.com.ar//memorias-ram/pc-de-escritorio/memoria-ram-ddr4-16gb-3200mhz-adata-xpg-spectrix-d60g.html,2023-09-04 10:49:30
memorias-ram,Memoria Ram Sodimm Ddr4 16Gb 3200Mhz Kingston Cl22,58269.0,venex,https://www.venex.com.ar//memorias-ram/notebook/memoria-ram-sodimm-16gb-3200mhz-kingston-cl22.html,2023-09-04 10:49:30
memorias-ram,Memoria Ram Corsair Vengance Ddr4 16Gb 3600Mhz Lpx 2X8 Black,59819.0,venex,https://www.venex.com.ar//memorias-ram/pc-de-escritorio/memoria-ram-corsair-vengance-ddr4-16gb-3600mhz-lpx-2x8-black.html,2023-09-04 10:49:30
memorias-ram,Memoria Ram Ddr4 16Gb 3600Mhz Patriot Viper Steel Cl18 2X8,59819.0,venex,https://www.venex.com.ar//memorias-ram/pc-de-escritorio/memoria-ram-ddr4-16gb-3600mhz-patriot-viper-steel-cl18-2x8.html,2023-09-04 10:49:30
memorias-ram,Memoria Ram Kingston Fury Beast Ddr4 16Gb 3600Mhz,59819.0,venex,https://www.venex.com.ar//memorias-ram/pc-de-escritorio/memoria-ram-ddr4-16gb-3600mhz-kingston-fury-beast.html,2023-09-04 10:49:30
memorias-ram,Memoria Ram Patriot Viper Steel Ddr4 16Gb 3200Mhz Rgb 2X8,59819.0,venex,https://www.venex.com.ar//memorias-ram/pc-de-escritorio/memoria-ram-patriot-viper-steel-ddr4-16gb-3200mhz-rgb-2x8.html,2023-09-04 10:49:30
memorias-ram,Memoria Ram Ddr4 16Gb 3200Mhz Adata Xpg Spectrix D60G Rgb 2X8,61349.0,venex,https://www.venex.com.ar//memorias-ram/pc-de-escritorio/memoria-ram-ddr4-16gb-3200mhz-adata-xpg-spectrix-d60g-rgb-2x8.html,2023-09-04 10:49:30
memorias-ram,Memoria Ram Ddr4 16Gb 3600Mhz Patriot Viper Steel Rgb Cl20,61349.0,venex,https://www.venex.com.ar//memorias-ram/pc-de-escritorio/memoria-ram-ddr4-16gb-3600mhz-patriot-viper-steel-rgb-cl20.html,2023-09-04 10:49:30
memorias-ram,Memoria Ram Kingston Fury Beast Ddr4 16Gb 3600Mhz Rgb,61349.0,venex,https://www.venex.com.ar//memorias-ram/pc-de-escritorio/memoria-ram-kingston-fury-beast-ddr4-16gb-3600mhz-rgb.html,2023-09-04 10:49:30
memorias-ram,Memoria Ram Adata Xpg Spectrix 16Gb 3600Mhz D60G,65949.0,venex,https://www.venex.com.ar//memorias-ram/pc-de-escritorio/memoria-ram-adata-xpg-spectrix-16gb-3600mhz-d60g.html,2023-09-04 10:49:30
memorias-ram,Memoria Ram Kingston Fury Beast 16Gb 3200Mhz White Rgb,65949.0,venex,https://www.venex.com.ar//memorias-ram/pc-de-escritorio/memoria-ram-kingston-fury-beast-16gb-3200mhz-white-rgb.html,2023-09-04 10:49:30
memorias-ram,Memoria Ram Corsair Vengance Ddr4 16Gb 3600Mhz Rs Rgb 2X8,67479.0,venex,https://www.venex.com.ar//memorias-ram/pc-de-escritorio/memoria-ram-corsair-vengance-ddr4-16gb-3600mhz-rs-2x8.html,2023-09-04 10:49:30
memorias-ram,Memoria Ram Corsair Vengance Pro  Ddr4 16Gb 3600Mhz Rgb 2X8...,68999.0,venex,https://www.venex.com.ar//memorias-ram/pc-de-escritorio/memoria-ram-corsair-vengance-pro-ddr4-16gb-3600mhz-rgb-2x8-white.html,2023-09-04 10:49:30
memorias-ram,Memoria Ram Ddr4 16Gb 3600Mhz Adata Xpg Spectrix D60G 2X8,68999.0,venex,https://www.venex.com.ar//memorias-ram/pc-de-escritorio/memoria-ram-ddr4-16gb-3600mhz-adata-xpg-spectrix-d60g-dual-tray-2x8.html,2023-09-04 10:49:30
memorias-ram,Memoria Ram Kingston Ddr4 16Gb 3200Mhz,68999.0,venex,https://www.venex.com.ar//memorias-ram/pc-de-escritorio/memoria-ram-kingston-16gb-3200mhz.html,2023-09-04 10:49:30
memorias-ram,Memoria Ram Ddr4 16Gb 3600Mhz Patriot Viper Steel Rgb Cl20 2X8,70549.0,venex,https://www.venex.com.ar//memorias-ram/pc-de-escritorio/memoria-ram-ddr4-16gb-3600mhz-patriot-viper-steel-rgb-cl20-2x8.html,2023-09-04 10:49:30
memorias-ram,Memoria Ram 16Gb 3600Mhz Corsair Vengeance Pro Black Rgb,72079.0,venex,https://www.venex.com.ar//memorias-ram/pc-de-escritorio/memoria-ram-16gb-3600mhz-corsair-vengeance-pro-black-rgb.html,2023-09-04 10:49:30
memorias-ram,Memoria Ram Ddr4 16Gb 2666Mhz Corsair Vengeance Pro Rgb White...,76679.0,venex,https://www.venex.com.ar//memorias-ram/pc-de-escritorio/memoria-ram-ddr4-16gb-2666mhz-corsair-vengeance-pro-rgb-white-2x8.html,2023-09-04 10:49:30
